Tanggal,Kode_Emiten,Volatilitas_Aktual,Volatilitas_Pred_XGB_Teknikal_t1,Error_Abs
2025-02-13,ADRO,0.018199,0.026118,0.007919
2025-02-14,ADRO,0.01825,0.025862,0.007612
2025-02-17,ADRO,0.018229,0.025862,0.007633
2025-02-18,ADRO,0.01823,0.025862,0.007632
2025-02-19,ADRO,0.018305,0.025862,0.007557
2025-02-20,ADRO,0.018072,0.025862,0.00779
2025-02-21,ADRO,0.018077,0.026118,0.00804
2025-02-24,ADRO,0.019837,0.025862,0.006025
2025-02-25,ADRO,0.019756,0.025862,0.006106
2025-02-26,ADRO,0.019999,0.025862,0.005863
2025-02-27,ADRO,0.019583,0.025862,0.006279
2025-02-28,ADRO,0.019592,0.025862,0.00627
2025-03-03,ADRO,0.024018,0.026118,0.0021
2025-03-04,ADRO,0.023451,0.026118,0.002667
2025-03-05,ADRO,0.029959,0.026118,0.003842
2025-03-06,ADRO,0.03026,0.026118,0.004142
2025-03-07,ADRO,0.03107,0.026118,0.004952
2025-03-10,ADRO,0.03135,0.026447,0.004903
2025-03-11,ADRO,0.029282,0.026447,0.002835
2025-03-12,ADRO,0.029526,0.026095,0.003432
2025-03-13,ADRO,0.029422,0.026118,0.003304
2025-03-14,ADRO,0.028848,0.026118,0.00273
2025-03-17,ADRO,0.028842,0.026118,0.002724
2025-03-18,ADRO,0.02898,0.026118,0.002862
2025-03-19,ADRO,0.028954,0.026118,0.002836
2025-03-20,ADRO,0.02904,0.026118,0.002923
2025-03-21,ADRO,0.029123,0.026118,0.003006
2025-03-24,ADRO,0.02825,0.026118,0.002132
2025-03-25,ADRO,0.031396,0.026118,0.005278
2025-03-26,ADRO,0.031325,0.025862,0.005463
2025-03-27,ADRO,0.039624,0.026118,0.013506
2025-04-08,ADRO,0.039756,0.025862,0.013894
2025-04-09,ADRO,0.03811,0.026118,0.011993
2025-04-10,ADRO,0.03825,0.026118,0.012133
2025-04-11,ADRO,0.034225,0.026118,0.008107
2025-04-14,ADRO,0.034486,0.026447,0.008039
2025-04-15,ADRO,0.033304,0.026118,0.007186
2025-04-16,ADRO,0.032473,0.026118,0.006355
2025-04-17,ADRO,0.032485,0.026118,0.006367
2025-04-21,ADRO,0.033771,0.026118,0.007654
2025-04-22,ADRO,0.033255,0.025862,0.007393
2025-04-23,ADRO,0.033368,0.026118,0.00725
2025-04-24,ADRO,0.033234,0.026118,0.007116
2025-04-25,ADRO,0.033285,0.026118,0.007168
2025-04-28,ADRO,0.033285,0.026095,0.007191
2025-04-29,ADRO,0.033285,0.026118,0.007168
2025-04-30,ADRO,0.032598,0.025862,0.006736
2025-05-02,ADRO,0.032793,0.026118,0.006675
2025-05-05,ADRO,0.03067,0.025862,0.004808
2025-05-06,ADRO,0.030792,0.026118,0.004675
2025-05-07,ADRO,0.014326,0.026118,0.011792
2025-05-08,ADRO,0.015661,0.026118,0.010456
2025-05-09,ADRO,0.015826,0.026118,0.010291
2025-05-14,ADRO,0.015866,0.025862,0.009996
2025-05-15,ADRO,0.029034,0.026118,0.002917
2025-05-16,ADRO,0.032565,0.026118,0.006447
2025-05-19,ADRO,0.035261,0.026118,0.009143
2025-05-20,ADRO,0.035975,0.026095,0.00988
2025-05-21,ADRO,0.036082,0.026118,0.009964
2025-05-22,ADRO,0.035946,0.026447,0.009499
2025-05-23,ADRO,0.035676,0.026447,0.009229
2025-05-26,ADRO,0.040457,0.026447,0.01401
2025-05-27,ADRO,0.041967,0.026447,0.01552
2025-05-28,ADRO,0.042907,0.026118,0.016789
2025-06-02,ADRO,0.043123,0.026118,0.017005
2025-06-03,ADRO,0.043123,0.026118,0.017005
2025-06-04,ADRO,0.043024,0.026447,0.016577
2025-06-05,ADRO,0.042864,0.026447,0.016417
2025-06-10,ADRO,0.042863,0.026447,0.016416
2025-06-11,ADRO,0.04285,0.026118,0.016732
2025-06-12,ADRO,0.042942,0.026095,0.016848
2025-06-13,ADRO,0.042452,0.026118,0.016335
2025-06-16,ADRO,0.042101,0.026447,0.015654
2025-06-17,ADRO,0.042156,0.026118,0.016038
2025-06-18,ADRO,0.034145,0.026447,0.007698
2025-06-19,ADRO,0.029571,0.026447,0.003124
2025-06-20,ADRO,0.028596,0.026118,0.002479
2025-06-23,ADRO,0.028487,0.026118,0.002369
2025-06-24,ADRO,0.028614,0.026118,0.002497
2025-06-25,ADRO,0.028331,0.026118,0.002213
2025-06-26,ADRO,0.028918,0.026447,0.002471
2025-06-30,ADRO,0.018714,0.026118,0.007404
2025-07-01,ADRO,0.017932,0.026118,0.008186
2025-07-02,ADRO,0.016896,0.025862,0.008966
2025-07-03,ADRO,0.016777,0.026118,0.00934
2025-07-04,ADRO,0.016756,0.026118,0.009362
2025-07-07,ADRO,0.016512,0.025862,0.00935
2025-07-08,ADRO,0.016523,0.025862,0.009339
2025-07-09,ADRO,0.021428,0.026118,0.00469
2025-07-10,ADRO,0.021847,0.026118,0.00427
2025-07-11,ADRO,0.021661,0.026118,0.004457
2025-07-14,ADRO,0.021599,0.026118,0.004518
2025-07-15,ADRO,0.021974,0.026118,0.004143
2025-07-16,ADRO,0.021976,0.025862,0.003886
2025-07-17,ADRO,0.020922,0.026118,0.005196
2025-07-18,ADRO,0.020475,0.025862,0.005387
2025-07-21,ADRO,0.020828,0.025862,0.005034
2025-07-22,ADRO,0.021457,0.026118,0.004661
2025-07-23,ADRO,0.02181,0.026118,0.004307
2025-07-24,ADRO,0.023244,0.026118,0.002873
2025-07-25,ADRO,0.022831,0.026118,0.003286
2025-07-28,ADRO,0.022854,0.026447,0.003593
2025-07-29,ADRO,0.021747,0.026095,0.004347
2025-07-30,ADRO,0.022632,0.025862,0.00323
2025-07-31,ADRO,0.022629,0.025862,0.003233
2025-08-01,ADRO,0.02271,0.026118,0.003408
2025-08-04,ADRO,0.023286,0.025862,0.002576
2025-08-05,ADRO,0.023283,0.026118,0.002835
2025-08-06,ADRO,0.019755,0.025862,0.006106
2025-08-07,ADRO,0.021744,0.025862,0.004118
2025-08-08,ADRO,0.021282,0.025862,0.00458
2025-08-11,ADRO,0.022113,0.026118,0.004004
2025-08-12,ADRO,0.022239,0.026118,0.003879
2025-08-13,ADRO,0.022239,0.026118,0.003879
2025-08-14,ADRO,0.022538,0.026095,0.003556
2025-08-15,ADRO,0.021597,0.025862,0.004265
2025-08-19,ADRO,0.019104,0.026118,0.007013
2025-08-20,ADRO,0.017755,0.026118,0.008363
2025-08-21,ADRO,0.017351,0.025862,0.008511
2025-08-22,ADRO,0.016663,0.026118,0.009455
2025-08-25,ADRO,0.016505,0.026118,0.009613
2025-08-26,ADRO,0.019307,0.026118,0.00681
2025-08-27,ADRO,0.019596,0.026118,0.006522
2025-08-28,ADRO,0.018876,0.026118,0.007242
2025-08-29,ADRO,0.019086,0.026447,0.007361
2025-09-01,ADRO,0.018365,0.026447,0.008082
2025-09-02,ADRO,0.018222,0.026447,0.008225
2025-09-03,ADRO,0.018816,0.026118,0.007301
2025-09-04,ADRO,0.019235,0.026447,0.007212
2025-09-08,ADRO,0.017332,0.026118,0.008785
2025-09-09,ADRO,0.017031,0.026118,0.009087
2025-09-10,ADRO,0.015416,0.026118,0.010702
2025-09-11,ADRO,0.015193,0.026447,0.011254
2025-09-12,ADRO,0.015212,0.026447,0.011235
2025-09-15,ADRO,0.015281,0.026118,0.010837
2025-09-16,ADRO,0.015896,0.026118,0.010221
2025-09-17,ADRO,0.016204,0.026118,0.009913
2025-09-18,ADRO,0.016547,0.026118,0.009571
2025-09-19,ADRO,0.016546,0.026118,0.009571
2025-09-22,ADRO,0.021082,0.026447,0.005365
2025-09-23,ADRO,0.021445,0.026118,0.004672
2025-09-24,ADRO,0.019303,0.026118,0.006814
2025-09-25,ADRO,0.019099,0.026118,0.007018
2025-09-26,ADRO,0.019383,0.026118,0.006735
2025-09-29,ADRO,0.019401,0.026447,0.007046
2025-09-30,ADRO,0.019555,0.026095,0.00654
2025-10-01,ADRO,0.019484,0.026118,0.006633
2025-10-02,ADRO,0.01898,0.026118,0.007137
2025-10-03,ADRO,0.018385,0.026118,0.007732
2025-10-06,ADRO,0.017861,0.026118,0.008257
2025-10-07,ADRO,0.031403,0.026118,0.005285
2025-10-08,ADRO,0.035257,0.026118,0.00914
2025-10-09,ADRO,0.03528,0.026118,0.009162
2025-10-10,ADRO,0.035463,0.026118,0.009345
2025-10-13,ADRO,0.035308,0.026118,0.009191
2025-10-14,ADRO,0.035342,0.026447,0.008895
2025-10-15,ADRO,0.034999,0.026447,0.008552
2025-10-16,ADRO,0.03501,0.026447,0.008563
2025-10-17,ADRO,0.035531,0.026447,0.009084
2025-10-20,ADRO,0.035915,0.026447,0.009468
2025-10-21,ADRO,0.035903,0.026118,0.009786
2025-10-22,ADRO,0.035923,0.026118,0.009806
2025-10-23,ADRO,0.035982,0.026118,0.009865
2025-10-24,ADRO,0.035973,0.026118,0.009856
2025-10-27,ADRO,0.035597,0.026447,0.00915
2025-10-28,ADRO,0.03941,0.026095,0.013316
2025-10-29,ADRO,0.039519,0.026118,0.013402
2025-10-30,ADRO,0.041484,0.026118,0.015366
2025-10-31,ADRO,0.041714,0.026095,0.015619
2025-11-03,ADRO,0.04206,0.026118,0.015943
2025-11-04,ADRO,0.033713,0.026447,0.007266
2025-11-05,ADRO,0.029758,0.026447,0.003311
2025-11-06,ADRO,0.029776,0.026447,0.003329
2025-11-07,ADRO,0.029415,0.026447,0.002968
2025-11-10,ADRO,0.02924,0.026118,0.003122
2025-11-11,ADRO,0.028799,0.026447,0.002352
2025-11-12,ADRO,0.029286,0.026447,0.002839
2025-11-13,ADRO,0.029834,0.026447,0.003387
2025-11-14,ADRO,0.029537,0.026447,0.00309
2025-11-17,ADRO,0.02666,0.026447,0.000213
2025-11-18,ADRO,0.026597,0.026118,0.00048
2025-11-19,ADRO,0.026701,0.026118,0.000583
2025-11-20,ADRO,0.026768,0.026447,0.000321
2025-11-21,ADRO,0.026641,0.026118,0.000524
2025-11-24,ADRO,0.026801,0.026118,0.000683
2025-11-25,ADRO,0.019367,0.026118,0.006751
2025-11-26,ADRO,0.018744,0.026118,0.007374
2025-11-27,ADRO,0.015522,0.026118,0.010595
2025-11-28,ADRO,0.013879,0.026118,0.012239
2025-12-01,ADRO,0.013748,0.026118,0.012369
2025-12-02,ADRO,0.013757,0.025862,0.012105
2025-12-03,ADRO,0.013906,0.026118,0.012211
2025-12-04,ADRO,0.013474,0.025862,0.012388
2025-12-05,ADRO,0.017284,0.026118,0.008834
2025-12-08,ADRO,0.018814,0.025862,0.007048
2025-12-09,ADRO,0.018645,0.026118,0.007472
2025-12-10,ADRO,0.019161,0.026118,0.006957
2025-12-11,ADRO,0.018446,0.026118,0.007672
2025-12-12,ADRO,0.019033,0.026447,0.007414
2025-12-15,ADRO,0.018883,0.026118,0.007235
2025-12-16,ADRO,0.01819,0.026118,0.007928
2025-12-17,ADRO,0.021123,0.026095,0.004971
2025-12-18,ADRO,0.020675,0.026118,0.005443
2025-12-19,ADRO,0.020683,0.026118,0.005434
2025-12-22,ADRO,0.020534,0.026118,0.005584
2025-12-23,ADRO,0.020585,0.026118,0.005533
2025-12-24,ADRO,0.020872,0.026447,0.005575
2025-12-29,ADRO,0.020859,0.026447,0.005588
2025-12-30,ADRO,0.020859,0.026118,0.005259
2026-01-02,ADRO,0.020859,0.026118,0.005259
2026-01-05,ADRO,0.020968,0.026118,0.005149
2026-01-06,ADRO,0.025325,0.026447,0.001122
2026-01-07,ADRO,0.025281,0.026095,0.000814
2026-01-08,ADRO,0.024512,0.026118,0.001606
2026-01-09,ADRO,0.022421,0.026118,0.003697
2026-01-12,ADRO,0.024872,0.025996,0.001123
2026-01-13,ADRO,0.024769,0.025996,0.001227
2026-01-14,ADRO,0.024769,0.025996,0.001227
2026-01-15,ADRO,0.026381,0.025996,0.000385
2026-01-19,ADRO,0.026103,0.025996,0.000108
2026-01-20,ADRO,0.026052,0.025996,5.6e-05
2026-01-21,ADRO,0.025673,0.029119,0.003446
2026-01-22,ADRO,0.025477,0.029119,0.003641
2026-01-23,ADRO,0.025538,0.029119,0.003581
2026-01-26,ADRO,0.028619,0.029119,0.0005
2026-01-27,ADRO,0.030304,0.026925,0.003379
2026-01-28,ADRO,0.030072,0.026925,0.003147
2026-01-29,ADRO,0.030244,0.026925,0.003318
2026-01-30,ADRO,0.031678,0.026925,0.004752
2026-02-02,ADRO,0.031679,0.026925,0.004754
2026-02-03,ADRO,0.031683,0.026925,0.004757
2026-02-04,ADRO,0.029006,0.026925,0.002081
2026-02-05,ADRO,0.02906,0.026925,0.002135
2026-02-06,ADRO,0.028544,0.026925,0.001618
2026-02-09,ADRO,0.028357,0.026925,0.001432
2026-02-10,ADRO,0.024893,0.026925,0.002032
2026-02-11,ADRO,0.024188,0.026925,0.002737
2026-02-12,ADRO,0.024188,0.026925,0.002737
2026-02-13,ADRO,0.023494,0.026925,0.003431
2026-02-18,ADRO,0.022934,0.026925,0.003991
2026-02-19,ADRO,0.022866,0.026925,0.00406
2026-02-20,ADRO,0.02114,0.026925,0.005785
2026-02-23,ADRO,0.020667,0.026925,0.006258
2026-02-24,ADRO,0.022223,0.026925,0.004702
2026-02-25,ADRO,0.020528,0.026925,0.006397
2026-02-26,ADRO,0.018724,0.026925,0.008202
2026-02-27,ADRO,0.019649,0.026925,0.007276
2026-03-02,ADRO,0.020051,0.026925,0.006875
2026-03-03,ADRO,0.019722,0.026925,0.007203
2026-03-04,ADRO,0.019776,0.026925,0.007149
2026-03-05,ADRO,0.020105,0.026925,0.00682
2026-03-06,ADRO,0.018575,0.026925,0.008351
2026-03-09,ADRO,0.018281,0.026925,0.008644
2026-03-10,ADRO,0.018311,0.026925,0.008614
2026-03-11,ADRO,0.022165,0.026925,0.004761
2026-03-12,ADRO,0.022087,0.026925,0.004839
2026-03-13,ADRO,0.022595,0.026925,0.004331
2026-03-16,ADRO,0.022568,0.026925,0.004357
2026-03-17,ADRO,0.026942,0.026925,1.7e-05
2026-03-25,ADRO,0.027371,0.026925,0.000446
2026-03-26,ADRO,0.027764,0.026925,0.000839
2026-03-27,ADRO,0.028364,0.026925,0.001439
2026-03-30,ADRO,0.028453,0.026925,0.001527
2026-03-31,ADRO,0.029066,0.026925,0.002141
2026-04-01,ADRO,0.028522,0.026925,0.001596
2026-04-02,ADRO,0.028499,0.026925,0.001574
2026-04-06,ADRO,0.029435,0.026925,0.00251
2026-04-07,ADRO,0.028886,0.026925,0.00196
2026-04-08,ADRO,0.028158,0.026925,0.001232
2026-04-09,ADRO,0.028156,0.026925,0.001231
2026-04-10,ADRO,0.02821,0.026925,0.001284
2026-04-13,ADRO,0.027902,0.026925,0.000977
2026-04-14,ADRO,0.028422,0.026925,0.001496
2026-04-15,ADRO,0.028237,0.026925,0.001312
2026-04-16,ADRO,0.025025,0.026925,0.001901
2026-04-17,ADRO,0.025112,0.026925,0.001814
2026-04-20,ADRO,0.024973,0.026925,0.001952
2026-04-21,ADRO,0.025012,0.026925,0.001914
2026-04-22,ADRO,0.018927,0.026925,0.007998
2026-04-23,ADRO,0.018509,0.026925,0.008416
2026-04-24,ADRO,0.018203,0.026925,0.008722
2026-04-27,ADRO,0.01676,0.026925,0.010166
2026-04-28,ADRO,0.016722,0.026925,0.010204
2026-04-29,ADRO,0.016082,0.026925,0.010843
2026-04-30,ADRO,0.016265,0.026925,0.01066
2026-05-04,ADRO,0.016265,0.026925,0.01066
2026-05-05,ADRO,0.01274,0.026925,0.014185
2026-05-06,ADRO,0.013282,0.026925,0.013643
2026-05-07,ADRO,0.013278,0.026925,0.013648
2026-05-08,ADRO,0.013859,0.026925,0.013067
2026-05-11,ADRO,0.018633,0.026925,0.008292
2026-05-12,ADRO,0.019986,0.026925,0.006939
2026-05-13,ADRO,0.019155,0.026925,0.00777
2026-05-14,ADRO,0.019106,0.026925,0.007819
2025-07-11,ADMR,0.030005,0.027569,0.002436
2025-07-14,ADMR,0.028899,0.028073,0.000826
2025-07-15,ADMR,0.028833,0.027731,0.001102
2025-07-16,ADMR,0.028252,0.029277,0.001025
2025-07-17,ADMR,0.027857,0.029191,0.001334
2025-07-18,ADMR,0.028277,0.028841,0.000564
2025-07-21,ADMR,0.033147,0.027903,0.005245
2025-07-22,ADMR,0.042107,0.032644,0.009463
2025-07-23,ADMR,0.042065,0.038431,0.003634
2025-07-24,ADMR,0.042243,0.040414,0.001828
2025-07-25,ADMR,0.042769,0.034908,0.007861
2025-07-28,ADMR,0.042981,0.036051,0.00693
2025-07-29,ADMR,0.040401,0.043599,0.003198
2025-07-30,ADMR,0.039631,0.042389,0.002758
2025-07-31,ADMR,0.039564,0.041686,0.002123
2025-08-01,ADMR,0.038775,0.040676,0.001901
2025-08-04,ADMR,0.038948,0.042219,0.003271
2025-08-05,ADMR,0.039045,0.042917,0.003871
2025-08-06,ADMR,0.037033,0.039968,0.002935
2025-08-07,ADMR,0.03728,0.0404,0.00312
2025-08-08,ADMR,0.036961,0.040004,0.003043
2025-08-11,ADMR,0.036985,0.039666,0.002682
2025-08-12,ADMR,0.039084,0.037435,0.001649
2025-08-13,ADMR,0.039121,0.039911,0.00079
2025-08-14,ADMR,0.039906,0.041265,0.001359
2025-08-15,ADMR,0.039532,0.038579,0.000952
2025-08-19,ADMR,0.035647,0.033704,0.001943
2025-08-20,ADMR,0.021315,0.034989,0.013674
2025-08-21,ADMR,0.021,0.036802,0.015803
2025-08-22,ADMR,0.021062,0.032367,0.011305
2025-08-25,ADMR,0.020989,0.031504,0.010516
2025-08-26,ADMR,0.021166,0.03082,0.009654
2025-08-27,ADMR,0.020794,0.031631,0.010837
2025-08-28,ADMR,0.020826,0.029597,0.00877
2025-08-29,ADMR,0.020909,0.029758,0.008849
2025-09-01,ADMR,0.020586,0.029835,0.009249
2025-09-02,ADMR,0.02207,0.02812,0.00605
2025-09-03,ADMR,0.02209,0.029392,0.007302
2025-09-04,ADMR,0.020923,0.031246,0.010323
2025-09-08,ADMR,0.020631,0.030329,0.009698
2025-09-09,ADMR,0.020931,0.028051,0.007119
2025-09-10,ADMR,0.02092,0.026644,0.005724
2025-09-11,ADMR,0.018042,0.025773,0.00773
2025-09-12,ADMR,0.02041,0.026972,0.006562
2025-09-15,ADMR,0.018518,0.027855,0.009337
2025-09-16,ADMR,0.018517,0.028503,0.009985
2025-09-17,ADMR,0.016873,0.028058,0.011185
2025-09-18,ADMR,0.016549,0.026661,0.010112
2025-09-19,ADMR,0.016552,0.027498,0.010946
2025-09-22,ADMR,0.01912,0.027042,0.007922
2025-09-23,ADMR,0.019655,0.028368,0.008712
2025-09-24,ADMR,0.019385,0.031159,0.011774
2025-09-25,ADMR,0.019268,0.029355,0.010087
2025-09-26,ADMR,0.022271,0.029718,0.007446
2025-09-29,ADMR,0.022452,0.032632,0.010181
2025-09-30,ADMR,0.022589,0.035339,0.01275
2025-10-01,ADMR,0.022235,0.035348,0.013113
2025-10-02,ADMR,0.022292,0.034002,0.01171
2025-10-03,ADMR,0.021556,0.034765,0.013209
2025-10-06,ADMR,0.021303,0.036486,0.015184
2025-10-07,ADMR,0.052979,0.034397,0.018582
2025-10-08,ADMR,0.055379,0.038914,0.016465
2025-10-09,ADMR,0.055939,0.045709,0.01023
2025-10-10,ADMR,0.055769,0.050281,0.005488
2025-10-13,ADMR,0.055892,0.050961,0.004931
2025-10-14,ADMR,0.058104,0.052669,0.005435
2025-10-15,ADMR,0.05812,0.065138,0.007017
2025-10-16,ADMR,0.062886,0.06298,9.4e-05
2025-10-17,ADMR,0.063619,0.061491,0.002129
2025-10-20,ADMR,0.065269,0.057915,0.007354
2025-10-21,ADMR,0.066367,0.049888,0.01648
2025-10-22,ADMR,0.066277,0.045078,0.021199
2025-10-23,ADMR,0.066527,0.033616,0.032911
2025-10-24,ADMR,0.067495,0.038594,0.028901
2025-10-27,ADMR,0.067057,0.035193,0.031864
2025-10-28,ADMR,0.067294,0.037397,0.029896
2025-10-29,ADMR,0.067782,0.036201,0.03158
2025-10-30,ADMR,0.069161,0.039079,0.030082
2025-10-31,ADMR,0.06934,0.039097,0.030243
2025-11-03,ADMR,0.069298,0.041121,0.028178
2025-11-04,ADMR,0.0485,0.04164,0.00686
2025-11-05,ADMR,0.046636,0.047685,0.001049
2025-11-06,ADMR,0.045204,0.034518,0.010686
2025-11-07,ADMR,0.045336,0.033712,0.011624
2025-11-10,ADMR,0.045848,0.028921,0.016928
2025-11-11,ADMR,0.043714,0.03251,0.011204
2025-11-12,ADMR,0.043644,0.031023,0.012622
2025-11-13,ADMR,0.037589,0.030841,0.006747
2025-11-14,ADMR,0.035986,0.031352,0.004634
2025-11-17,ADMR,0.031034,0.029515,0.001519
2025-11-18,ADMR,0.029428,0.029252,0.000176
2025-11-19,ADMR,0.029019,0.026758,0.002261
2025-11-20,ADMR,0.029278,0.026453,0.002825
2025-11-21,ADMR,0.023349,0.023567,0.000218
2025-11-24,ADMR,0.023121,0.021486,0.001635
2025-11-25,ADMR,0.020501,0.020835,0.000334
2025-11-26,ADMR,0.020796,0.020064,0.000732
2025-11-27,ADMR,0.018353,0.021342,0.00299
2025-11-28,ADMR,0.018313,0.023084,0.004771
2025-12-01,ADMR,0.020217,0.024395,0.004178
2025-12-02,ADMR,0.020141,0.025184,0.005043
2025-12-03,ADMR,0.019357,0.025339,0.005982
2025-12-04,ADMR,0.019679,0.024146,0.004466
2025-12-05,ADMR,0.03265,0.02404,0.008611
2025-12-08,ADMR,0.033363,0.026744,0.00662
2025-12-09,ADMR,0.033623,0.032716,0.000908
2025-12-10,ADMR,0.033955,0.02759,0.006365
2025-12-11,ADMR,0.033698,0.031224,0.002474
2025-12-12,ADMR,0.033693,0.033913,0.00022
2025-12-15,ADMR,0.033011,0.039344,0.006333
2025-12-16,ADMR,0.033179,0.035748,0.002569
2025-12-17,ADMR,0.033774,0.030653,0.00312
2025-12-18,ADMR,0.033736,0.036005,0.00227
2025-12-19,ADMR,0.034658,0.028902,0.005757
2025-12-22,ADMR,0.034905,0.029957,0.004948
2025-12-23,ADMR,0.034902,0.029642,0.005261
2025-12-24,ADMR,0.046305,0.02927,0.017035
2025-12-29,ADMR,0.046979,0.033712,0.013267
2025-12-30,ADMR,0.047708,0.032154,0.015554
2026-01-02,ADMR,0.047511,0.032171,0.01534
2026-01-05,ADMR,0.050476,0.032097,0.018379
2026-01-06,ADMR,0.050069,0.038492,0.011578
2026-01-07,ADMR,0.054857,0.039849,0.015008
2026-01-08,ADMR,0.049723,0.039997,0.009726
2026-01-09,ADMR,0.052069,0.046526,0.005543
2026-01-12,ADMR,0.052232,0.044158,0.008074
2026-01-13,ADMR,0.051574,0.050562,0.001011
2026-01-14,ADMR,0.051634,0.042004,0.00963
2026-01-15,ADMR,0.052148,0.041637,0.010511
2026-01-19,ADMR,0.052975,0.03474,0.018235
2026-01-20,ADMR,0.05408,0.040868,0.013212
2026-01-21,ADMR,0.054979,0.038308,0.016671
2026-01-22,ADMR,0.054276,0.03615,0.018126
2026-01-23,ADMR,0.054468,0.036352,0.018117
2026-01-26,ADMR,0.054859,0.035151,0.019708
2026-01-27,ADMR,0.058085,0.038975,0.01911
2026-01-28,ADMR,0.050232,0.045334,0.004898
2026-01-29,ADMR,0.051945,0.046443,0.005502
2026-01-30,ADMR,0.054108,0.046498,0.00761
2026-02-02,ADMR,0.054238,0.041953,0.012285
2026-02-03,ADMR,0.050398,0.044865,0.005533
2026-02-04,ADMR,0.052226,0.048291,0.003935
2026-02-05,ADMR,0.049406,0.047031,0.002375
2026-02-06,ADMR,0.049628,0.04196,0.007667
2026-02-09,ADMR,0.045207,0.04035,0.004857
2026-02-10,ADMR,0.044773,0.034156,0.010617
2026-02-11,ADMR,0.044631,0.032463,0.012167
2026-02-12,ADMR,0.045129,0.036587,0.008542
2026-02-13,ADMR,0.046489,0.033626,0.012863
2026-02-18,ADMR,0.044841,0.032635,0.012206
2026-02-19,ADMR,0.044523,0.038822,0.005701
2026-02-20,ADMR,0.040451,0.031228,0.009223
2026-02-23,ADMR,0.039163,0.031516,0.007647
2026-02-24,ADMR,0.042048,0.034876,0.007172
2026-02-25,ADMR,0.042263,0.036392,0.00587
2026-02-26,ADMR,0.039731,0.039654,7.7e-05
2026-02-27,ADMR,0.03973,0.032218,0.007512
2026-03-02,ADMR,0.037415,0.036643,0.000772
2026-03-03,ADMR,0.036204,0.0429,0.006696
2026-03-04,ADMR,0.035903,0.043014,0.007112
2026-03-05,ADMR,0.036184,0.040759,0.004576
2026-03-06,ADMR,0.033068,0.036218,0.00315
2026-03-09,ADMR,0.031852,0.038567,0.006715
2026-03-10,ADMR,0.033792,0.038913,0.005121
2026-03-11,ADMR,0.0318,0.037381,0.005581
2026-03-12,ADMR,0.032157,0.026349,0.005808
2026-03-13,ADMR,0.033045,0.028345,0.0047
2026-03-16,ADMR,0.033905,0.028218,0.005687
2026-03-17,ADMR,0.03223,0.027117,0.005113
2026-03-25,ADMR,0.032194,0.031063,0.001131
2026-03-26,ADMR,0.03199,0.026776,0.005214
2026-03-27,ADMR,0.03248,0.026017,0.006463
2026-03-30,ADMR,0.031815,0.028958,0.002856
2026-03-31,ADMR,0.028365,0.029811,0.001447
2026-04-01,ADMR,0.0311,0.031275,0.000174
2026-04-02,ADMR,0.031733,0.034471,0.002738
2026-04-06,ADMR,0.033092,0.034079,0.000987
2026-04-07,ADMR,0.034452,0.037687,0.003235
2026-04-08,ADMR,0.032478,0.040312,0.007834
2026-04-09,ADMR,0.032628,0.04309,0.010463
2026-04-10,ADMR,0.033605,0.040463,0.006858
2026-04-13,ADMR,0.034786,0.041095,0.006309
2026-04-14,ADMR,0.035073,0.039886,0.004813
2026-04-15,ADMR,0.032928,0.03715,0.004222
2026-04-16,ADMR,0.032879,0.029023,0.003856
2026-04-17,ADMR,0.032299,0.03015,0.002149
2026-04-20,ADMR,0.031727,0.030065,0.001662
2026-04-21,ADMR,0.029729,0.030534,0.000805
2026-04-22,ADMR,0.029117,0.029571,0.000454
2026-04-23,ADMR,0.028736,0.023757,0.004979
2026-04-24,ADMR,0.028586,0.024244,0.004342
2026-04-27,ADMR,0.027902,0.028626,0.000724
2026-04-28,ADMR,0.027798,0.025277,0.002521
2026-04-29,ADMR,0.027597,0.02595,0.001647
2026-04-30,ADMR,0.02415,0.026745,0.002595
2026-05-04,ADMR,0.022679,0.027827,0.005148
2026-05-05,ADMR,0.01831,0.029036,0.010726
2026-05-06,ADMR,0.017183,0.025559,0.008376
2026-05-07,ADMR,0.018128,0.026176,0.008047
2026-05-08,ADMR,0.018868,0.026606,0.007738
2026-05-11,ADMR,0.018039,0.028644,0.010605
2026-05-12,ADMR,0.016634,0.026216,0.009582
2026-05-13,ADMR,0.015741,0.025131,0.00939
2026-05-14,ADMR,0.015726,0.025126,0.009399
2025-02-13,ITMG,0.010673,0.00973,0.000943
2025-02-14,ITMG,0.010269,0.009988,0.000281
2025-02-17,ITMG,0.010027,0.01052,0.000493
2025-02-18,ITMG,0.009989,0.010484,0.000494
2025-02-19,ITMG,0.010667,0.01103,0.000363
2025-02-20,ITMG,0.010441,0.010699,0.000258
2025-02-21,ITMG,0.009978,0.010477,0.000499
2025-02-24,ITMG,0.010359,0.010797,0.000438
2025-02-25,ITMG,0.01038,0.010106,0.000274
2025-02-26,ITMG,0.010101,0.010336,0.000235
2025-02-27,ITMG,0.014129,0.009686,0.004443
2025-02-28,ITMG,0.014454,0.012579,0.001875
2025-03-03,ITMG,0.016571,0.014009,0.002562
2025-03-04,ITMG,0.016561,0.019307,0.002746
2025-03-05,ITMG,0.01646,0.019293,0.002833
2025-03-06,ITMG,0.016446,0.019359,0.002912
2025-03-07,ITMG,0.016221,0.018895,0.002675
2025-03-10,ITMG,0.016247,0.017367,0.00112
2025-03-11,ITMG,0.016779,0.018012,0.001233
2025-03-12,ITMG,0.016841,0.01615,0.000691
2025-03-13,ITMG,0.016716,0.017096,0.00038
2025-03-14,ITMG,0.016566,0.017308,0.000742
2025-03-17,ITMG,0.016703,0.0175,0.000797
2025-03-18,ITMG,0.016955,0.0166,0.000355
2025-03-19,ITMG,0.017114,0.016795,0.000319
2025-03-20,ITMG,0.017306,0.015404,0.001901
2025-03-21,ITMG,0.01792,0.014962,0.002959
2025-03-24,ITMG,0.019257,0.015711,0.003546
2025-03-25,ITMG,0.02018,0.015829,0.00435
2025-03-26,ITMG,0.020072,0.016397,0.003675
2025-03-27,ITMG,0.020518,0.017434,0.003084
2025-04-08,ITMG,0.022741,0.02234,0.000401
2025-04-09,ITMG,0.021531,0.023351,0.00182
2025-04-10,ITMG,0.021516,0.023695,0.002179
2025-04-11,ITMG,0.025018,0.023174,0.001844
2025-04-14,ITMG,0.025022,0.025072,5e-05
2025-04-15,ITMG,0.025037,0.025988,0.000951
2025-04-16,ITMG,0.02508,0.024448,0.000632
2025-04-17,ITMG,0.0246,0.023345,0.001255
2025-04-21,ITMG,0.024611,0.02245,0.002161
2025-04-22,ITMG,0.024401,0.023599,0.000801
2025-04-23,ITMG,0.024472,0.024062,0.000411
2025-04-24,ITMG,0.023946,0.023023,0.000923
2025-04-25,ITMG,0.023961,0.022483,0.001478
2025-04-28,ITMG,0.023914,0.021554,0.00236
2025-04-29,ITMG,0.02341,0.018411,0.004998
2025-04-30,ITMG,0.022328,0.018699,0.003629
2025-05-02,ITMG,0.021773,0.015804,0.00597
2025-05-05,ITMG,0.02141,0.015099,0.006311
2025-05-06,ITMG,0.021397,0.015184,0.006213
2025-05-07,ITMG,0.017651,0.01566,0.00199
2025-05-08,ITMG,0.015363,0.015483,0.00012
2025-05-09,ITMG,0.01509,0.014431,0.000659
2025-05-14,ITMG,0.015106,0.016304,0.001198
2025-05-15,ITMG,0.007767,0.016808,0.009042
2025-05-16,ITMG,0.007936,0.017273,0.009337
2025-05-19,ITMG,0.009274,0.016403,0.007129
2025-05-20,ITMG,0.009373,0.017062,0.007689
2025-05-21,ITMG,0.008516,0.018205,0.00969
2025-05-22,ITMG,0.008571,0.016712,0.008141
2025-05-23,ITMG,0.008634,0.017507,0.008872
2025-05-26,ITMG,0.008267,0.017052,0.008785
2025-05-27,ITMG,0.008267,0.017469,0.009202
2025-05-28,ITMG,0.009066,0.016791,0.007724
2025-06-02,ITMG,0.009066,0.017791,0.008725
2025-06-03,ITMG,0.00909,0.016081,0.006991
2025-06-04,ITMG,0.009141,0.016072,0.006931
2025-06-05,ITMG,0.009411,0.016116,0.006706
2025-06-10,ITMG,0.009261,0.018003,0.008742
2025-06-11,ITMG,0.00926,0.017074,0.007813
2025-06-12,ITMG,0.009222,0.016533,0.007312
2025-06-13,ITMG,0.010872,0.016097,0.005225
2025-06-16,ITMG,0.010633,0.017445,0.006812
2025-06-17,ITMG,0.010647,0.018326,0.007679
2025-06-18,ITMG,0.013412,0.01698,0.003568
2025-06-19,ITMG,0.01384,0.018512,0.004672
2025-06-20,ITMG,0.013016,0.019819,0.006803
2025-06-23,ITMG,0.012851,0.02171,0.008859
2025-06-24,ITMG,0.012815,0.022004,0.009189
2025-06-25,ITMG,0.012764,0.019996,0.007232
2025-06-26,ITMG,0.012739,0.021849,0.00911
2025-06-30,ITMG,0.01269,0.021615,0.008925
2025-07-01,ITMG,0.012871,0.017903,0.005032
2025-07-02,ITMG,0.012548,0.018624,0.006077
2025-07-03,ITMG,0.01255,0.016157,0.003607
2025-07-04,ITMG,0.012502,0.015994,0.003492
2025-07-07,ITMG,0.012485,0.015718,0.003233
2025-07-08,ITMG,0.012193,0.015716,0.003523
2025-07-09,ITMG,0.012331,0.015569,0.003238
2025-07-10,ITMG,0.012537,0.016178,0.00364
2025-07-11,ITMG,0.012193,0.015543,0.00335
2025-07-14,ITMG,0.010099,0.016015,0.005916
2025-07-15,ITMG,0.010116,0.015672,0.005556
2025-07-16,ITMG,0.009923,0.015946,0.006023
2025-07-17,ITMG,0.006503,0.016204,0.0097
2025-07-18,ITMG,0.005098,0.016101,0.011002
2025-07-21,ITMG,0.005579,0.016261,0.010682
2025-07-22,ITMG,0.00543,0.016616,0.011186
2025-07-23,ITMG,0.005387,0.016159,0.010772
2025-07-24,ITMG,0.005599,0.016105,0.010506
2025-07-25,ITMG,0.006047,0.015805,0.009757
2025-07-28,ITMG,0.006105,0.015856,0.009751
2025-07-29,ITMG,0.006141,0.016952,0.01081
2025-07-30,ITMG,0.007464,0.015361,0.007897
2025-07-31,ITMG,0.007557,0.016555,0.008998
2025-08-01,ITMG,0.007651,0.016054,0.008403
2025-08-04,ITMG,0.007645,0.014777,0.007132
2025-08-05,ITMG,0.007641,0.014705,0.007064
2025-08-06,ITMG,0.007413,0.016206,0.008793
2025-08-07,ITMG,0.007392,0.016286,0.008895
2025-08-08,ITMG,0.007869,0.014879,0.00701
2025-08-11,ITMG,0.014124,0.01457,0.000446
2025-08-12,ITMG,0.014128,0.01761,0.003482
2025-08-13,ITMG,0.014146,0.019051,0.004905
2025-08-14,ITMG,0.014195,0.019947,0.005751
2025-08-15,ITMG,0.014311,0.020058,0.005746
2025-08-19,ITMG,0.014274,0.021181,0.006908
2025-08-20,ITMG,0.014192,0.02202,0.007828
2025-08-21,ITMG,0.014048,0.019314,0.005267
2025-08-22,ITMG,0.014067,0.016931,0.002864
2025-08-25,ITMG,0.013666,0.018124,0.004459
2025-08-26,ITMG,0.013681,0.017876,0.004195
2025-08-27,ITMG,0.013437,0.016072,0.002635
2025-08-28,ITMG,0.013101,0.015823,0.002723
2025-08-29,ITMG,0.013149,0.016983,0.003833
2025-09-01,ITMG,0.013119,0.018734,0.005616
2025-09-02,ITMG,0.013119,0.017499,0.00438
2025-09-03,ITMG,0.01314,0.018246,0.005105
2025-09-04,ITMG,0.013115,0.018392,0.005277
2025-09-08,ITMG,0.012834,0.019887,0.007053
2025-09-09,ITMG,0.012174,0.018871,0.006697
2025-09-10,ITMG,0.005534,0.017772,0.012238
2025-09-11,ITMG,0.005495,0.017594,0.012099
2025-09-12,ITMG,0.005599,0.016723,0.011124
2025-09-15,ITMG,0.005476,0.017166,0.01169
2025-09-16,ITMG,0.005438,0.01729,0.011852
2025-09-17,ITMG,0.005079,0.016446,0.011367
2025-09-18,ITMG,0.006426,0.015962,0.009536
2025-09-19,ITMG,0.006438,0.016234,0.009797
2025-09-22,ITMG,0.006597,0.015333,0.008736
2025-09-23,ITMG,0.006809,0.015097,0.008289
2025-09-24,ITMG,0.007016,0.015571,0.008555
2025-09-25,ITMG,0.007042,0.01599,0.008948
2025-09-26,ITMG,0.006213,0.016378,0.010165
2025-09-29,ITMG,0.0062,0.0154,0.0092
2025-09-30,ITMG,0.007125,0.015211,0.008086
2025-10-01,ITMG,0.007097,0.015652,0.008556
2025-10-02,ITMG,0.007121,0.015831,0.008709
2025-10-03,ITMG,0.00739,0.015451,0.008061
2025-10-06,ITMG,0.007432,0.01529,0.007858
2025-10-07,ITMG,0.007945,0.014897,0.006952
2025-10-08,ITMG,0.008422,0.015386,0.006964
2025-10-09,ITMG,0.008991,0.015995,0.007005
2025-10-10,ITMG,0.009124,0.015937,0.006813
2025-10-13,ITMG,0.009576,0.016191,0.006615
2025-10-14,ITMG,0.009713,0.016565,0.006852
2025-10-15,ITMG,0.010471,0.016659,0.006188
2025-10-16,ITMG,0.009508,0.016393,0.006885
2025-10-17,ITMG,0.009876,0.01558,0.005704
2025-10-20,ITMG,0.009912,0.015677,0.005765
2025-10-21,ITMG,0.009824,0.01668,0.006856
2025-10-22,ITMG,0.009809,0.017694,0.007885
2025-10-23,ITMG,0.009783,0.016112,0.00633
2025-10-24,ITMG,0.009755,0.016074,0.006319
2025-10-27,ITMG,0.009772,0.016294,0.006521
2025-10-28,ITMG,0.009223,0.01573,0.006507
2025-10-29,ITMG,0.01041,0.015821,0.005411
2025-10-30,ITMG,0.010402,0.015945,0.005543
2025-10-31,ITMG,0.011304,0.015825,0.004521
2025-11-03,ITMG,0.011339,0.015847,0.004508
2025-11-04,ITMG,0.011331,0.016043,0.004712
2025-11-05,ITMG,0.011346,0.016183,0.004837
2025-11-06,ITMG,0.010975,0.016376,0.005401
2025-11-07,ITMG,0.010802,0.014642,0.003839
2025-11-10,ITMG,0.0104,0.016371,0.005971
2025-11-11,ITMG,0.009867,0.014646,0.004779
2025-11-12,ITMG,0.009589,0.015836,0.006247
2025-11-13,ITMG,0.009775,0.014505,0.00473
2025-11-14,ITMG,0.009611,0.014955,0.005343
2025-11-17,ITMG,0.010145,0.014289,0.004144
2025-11-18,ITMG,0.01015,0.01564,0.00549
2025-11-19,ITMG,0.010106,0.013631,0.003525
2025-11-20,ITMG,0.010106,0.012879,0.002773
2025-11-21,ITMG,0.010174,0.013157,0.002983
2025-11-24,ITMG,0.01028,0.012272,0.001991
2025-11-25,ITMG,0.010134,0.011859,0.001726
2025-11-26,ITMG,0.008564,0.011095,0.002532
2025-11-27,ITMG,0.008602,0.010902,0.0023
2025-11-28,ITMG,0.0075,0.012621,0.005121
2025-12-01,ITMG,0.00735,0.012804,0.005455
2025-12-02,ITMG,0.005988,0.012912,0.006924
2025-12-03,ITMG,0.005786,0.01341,0.007624
2025-12-04,ITMG,0.00584,0.014897,0.009057
2025-12-05,ITMG,0.005847,0.014755,0.008908
2025-12-08,ITMG,0.005746,0.014414,0.008668
2025-12-09,ITMG,0.005699,0.014601,0.008902
2025-12-10,ITMG,0.004814,0.014733,0.00992
2025-12-11,ITMG,0.004436,0.014543,0.010107
2025-12-12,ITMG,0.004665,0.014691,0.010026
2025-12-15,ITMG,0.005434,0.014907,0.009473
2025-12-16,ITMG,0.006203,0.017697,0.011494
2025-12-17,ITMG,0.006215,0.017224,0.011009
2025-12-18,ITMG,0.006885,0.016545,0.00966
2025-12-19,ITMG,0.006692,0.016316,0.009624
2025-12-22,ITMG,0.007522,0.016382,0.008861
2025-12-23,ITMG,0.007634,0.018031,0.010397
2025-12-24,ITMG,0.007621,0.016942,0.009321
2025-12-29,ITMG,0.007664,0.01693,0.009265
2025-12-30,ITMG,0.00767,0.016137,0.008467
2026-01-02,ITMG,0.007674,0.015979,0.008306
2026-01-05,ITMG,0.007689,0.015842,0.008153
2026-01-06,ITMG,0.0077,0.015647,0.007947
2026-01-07,ITMG,0.007689,0.015574,0.007886
2026-01-08,ITMG,0.007727,0.015979,0.008253
2026-01-09,ITMG,0.007727,0.016207,0.00848
2026-01-12,ITMG,0.007879,0.016116,0.008237
2026-01-13,ITMG,0.007823,0.016113,0.00829
2026-01-14,ITMG,0.007876,0.016252,0.008376
2026-01-15,ITMG,0.007564,0.016014,0.008451
2026-01-19,ITMG,0.005825,0.015863,0.010038
2026-01-20,ITMG,0.005651,0.016449,0.010798
2026-01-21,ITMG,0.006623,0.015863,0.00924
2026-01-22,ITMG,0.006923,0.015737,0.008814
2026-01-23,ITMG,0.00695,0.015364,0.008414
2026-01-26,ITMG,0.007978,0.014253,0.006275
2026-01-27,ITMG,0.008406,0.015115,0.006709
2026-01-28,ITMG,0.008862,0.016324,0.007462
2026-01-29,ITMG,0.009188,0.018501,0.009313
2026-01-30,ITMG,0.009066,0.01888,0.009815
2026-02-02,ITMG,0.009101,0.019045,0.009943
2026-02-03,ITMG,0.009091,0.019358,0.010267
2026-02-04,ITMG,0.009108,0.018439,0.00933
2026-02-05,ITMG,0.009287,0.017936,0.008649
2026-02-06,ITMG,0.009285,0.017318,0.008033
2026-02-09,ITMG,0.009269,0.016606,0.007337
2026-02-10,ITMG,0.009266,0.015396,0.006129
2026-02-11,ITMG,0.009441,0.015082,0.005641
2026-02-12,ITMG,0.009529,0.01574,0.006211
2026-02-13,ITMG,0.009641,0.016338,0.006696
2026-02-18,ITMG,0.009933,0.015482,0.005548
2026-02-19,ITMG,0.009964,0.015559,0.005594
2026-02-20,ITMG,0.009109,0.015113,0.006005
2026-02-23,ITMG,0.008818,0.014074,0.005256
2026-02-24,ITMG,0.008723,0.01406,0.005337
2026-02-25,ITMG,0.007498,0.013644,0.006145
2026-02-26,ITMG,0.007446,0.013057,0.005611
2026-02-27,ITMG,0.009707,0.012667,0.00296
2026-03-02,ITMG,0.015905,0.014278,0.001627
2026-03-03,ITMG,0.015846,0.018115,0.002268
2026-03-04,ITMG,0.017348,0.018812,0.001464
2026-03-05,ITMG,0.018457,0.021934,0.003477
2026-03-06,ITMG,0.020213,0.022053,0.00184
2026-03-09,ITMG,0.020313,0.025964,0.005651
2026-03-10,ITMG,0.026709,0.025929,0.00078
2026-03-11,ITMG,0.028562,0.029157,0.000595
2026-03-12,ITMG,0.028659,0.031366,0.002707
2026-03-13,ITMG,0.028287,0.029538,0.001251
2026-03-16,ITMG,0.028301,0.031895,0.003593
2026-03-17,ITMG,0.031185,0.03123,4.5e-05
2026-03-25,ITMG,0.032058,0.03281,0.000752
2026-03-26,ITMG,0.032836,0.032815,2.1e-05
2026-03-27,ITMG,0.033473,0.032424,0.001049
2026-03-30,ITMG,0.033858,0.031778,0.00208
2026-03-31,ITMG,0.038333,0.031869,0.006465
2026-04-01,ITMG,0.038644,0.032896,0.005748
2026-04-02,ITMG,0.039396,0.033744,0.005652
2026-04-06,ITMG,0.039034,0.03358,0.005454
2026-04-07,ITMG,0.037085,0.035362,0.001723
2026-04-08,ITMG,0.037818,0.034087,0.003731
2026-04-09,ITMG,0.036985,0.032036,0.004949
2026-04-10,ITMG,0.036129,0.02762,0.008509
2026-04-13,ITMG,0.034742,0.029234,0.005507
2026-04-14,ITMG,0.034737,0.027289,0.007448
2026-04-15,ITMG,0.031735,0.023497,0.008238
2026-04-16,ITMG,0.02917,0.023074,0.006096
2026-04-17,ITMG,0.029406,0.023824,0.005582
2026-04-20,ITMG,0.029451,0.029145,0.000306
2026-04-21,ITMG,0.029863,0.027856,0.002007
2026-04-22,ITMG,0.024468,0.024609,0.000142
2026-04-23,ITMG,0.024352,0.023785,0.000567
2026-04-24,ITMG,0.025042,0.023103,0.001939
2026-04-27,ITMG,0.02487,0.025323,0.000454
2026-04-28,ITMG,0.025981,0.024966,0.001015
2026-04-29,ITMG,0.021625,0.024794,0.003169
2026-04-30,ITMG,0.021311,0.024352,0.003041
2026-05-04,ITMG,0.020411,0.025571,0.005159
2026-05-05,ITMG,0.021339,0.024102,0.002763
2026-05-06,ITMG,0.021795,0.023478,0.001683
2026-05-07,ITMG,0.022758,0.025297,0.002538
2026-05-08,ITMG,0.022765,0.030056,0.007291
2026-05-11,ITMG,0.022657,0.024877,0.00222
2026-05-12,ITMG,0.021864,0.02338,0.001516
2026-05-13,ITMG,0.021743,0.020629,0.001114
2026-05-14,ITMG,0.021374,0.01981,0.001565
2025-02-13,PTBA,0.01143,0.015479,0.004049
2025-02-14,PTBA,0.010689,0.015656,0.004967
2025-02-17,PTBA,0.010714,0.016036,0.005322
2025-02-18,PTBA,0.010979,0.015795,0.004816
2025-02-19,PTBA,0.010883,0.015895,0.005013
2025-02-20,PTBA,0.010595,0.015284,0.004689
2025-02-21,PTBA,0.010531,0.015236,0.004706
2025-02-24,PTBA,0.010614,0.015061,0.004447
2025-02-25,PTBA,0.010619,0.015003,0.004384
2025-02-26,PTBA,0.010598,0.015364,0.004766
2025-02-27,PTBA,0.010776,0.015427,0.004651
2025-02-28,PTBA,0.010708,0.016148,0.005439
2025-03-03,PTBA,0.011918,0.015925,0.004007
2025-03-04,PTBA,0.013441,0.016179,0.002738
2025-03-05,PTBA,0.012261,0.016916,0.004655
2025-03-06,PTBA,0.012284,0.016479,0.004196
2025-03-07,PTBA,0.012081,0.016708,0.004626
2025-03-10,PTBA,0.012139,0.016491,0.004352
2025-03-11,PTBA,0.011903,0.016763,0.00486
2025-03-12,PTBA,0.010875,0.016281,0.005407
2025-03-13,PTBA,0.010563,0.015364,0.0048
2025-03-14,PTBA,0.010563,0.015427,0.004864
2025-03-17,PTBA,0.010678,0.01577,0.005092
2025-03-18,PTBA,0.01078,0.01599,0.00521
2025-03-19,PTBA,0.010628,0.015888,0.00526
2025-03-20,PTBA,0.012918,0.015771,0.002853
2025-03-21,PTBA,0.012923,0.016426,0.003502
2025-03-24,PTBA,0.020303,0.016339,0.003964
2025-03-25,PTBA,0.021215,0.017526,0.00369
2025-03-26,PTBA,0.021218,0.017361,0.003856
2025-03-27,PTBA,0.022833,0.016722,0.006111
2025-04-08,PTBA,0.023257,0.017852,0.005405
2025-04-09,PTBA,0.029696,0.017688,0.012009
2025-04-10,PTBA,0.029147,0.018221,0.010925
2025-04-11,PTBA,0.029489,0.016974,0.012515
2025-04-14,PTBA,0.029296,0.016134,0.013162
2025-04-15,PTBA,0.029389,0.017116,0.012272
2025-04-16,PTBA,0.029264,0.01659,0.012674
2025-04-17,PTBA,0.029215,0.017283,0.011932
2025-04-21,PTBA,0.028964,0.014982,0.013982
2025-04-22,PTBA,0.028931,0.015728,0.013203
2025-04-23,PTBA,0.028931,0.016153,0.012778
2025-04-24,PTBA,0.028643,0.016101,0.012542
2025-04-25,PTBA,0.028735,0.016243,0.012492
2025-04-28,PTBA,0.028523,0.01667,0.011853
2025-04-29,PTBA,0.026842,0.017086,0.009756
2025-04-30,PTBA,0.026797,0.017853,0.008944
2025-05-02,PTBA,0.023721,0.017545,0.006176
2025-05-05,PTBA,0.023364,0.018217,0.005148
2025-05-06,PTBA,0.023587,0.019407,0.00418
2025-05-07,PTBA,0.021612,0.018701,0.002912
2025-05-08,PTBA,0.021563,0.017514,0.004049
2025-05-09,PTBA,0.011989,0.018477,0.006488
2025-05-14,PTBA,0.01216,0.017434,0.005274
2025-05-15,PTBA,0.013187,0.018386,0.005199
2025-05-16,PTBA,0.013404,0.018414,0.005011
2025-05-19,PTBA,0.014336,0.018306,0.003969
2025-05-20,PTBA,0.014547,0.019439,0.004892
2025-05-21,PTBA,0.014701,0.019941,0.00524
2025-05-22,PTBA,0.014598,0.019962,0.005364
2025-05-23,PTBA,0.014571,0.020739,0.006168
2025-05-26,PTBA,0.014633,0.020139,0.005505
2025-05-27,PTBA,0.0149,0.018848,0.003948
2025-05-28,PTBA,0.015111,0.018978,0.003867
2025-06-02,PTBA,0.015056,0.018395,0.003339
2025-06-03,PTBA,0.014835,0.017968,0.003133
2025-06-04,PTBA,0.014729,0.017659,0.00293
2025-06-05,PTBA,0.015847,0.01838,0.002533
2025-06-10,PTBA,0.015968,0.019292,0.003324
2025-06-11,PTBA,0.016007,0.01949,0.003483
2025-06-12,PTBA,0.015515,0.02057,0.005055
2025-06-13,PTBA,0.015516,0.021148,0.005631
2025-06-16,PTBA,0.014478,0.022476,0.007998
2025-06-17,PTBA,0.014343,0.025375,0.011032
2025-06-18,PTBA,0.0131,0.023224,0.010124
2025-06-19,PTBA,0.013246,0.023517,0.010271
2025-06-20,PTBA,0.015089,0.023915,0.008826
2025-06-23,PTBA,0.016224,0.025708,0.009484
2025-06-24,PTBA,0.016075,0.025503,0.009429
2025-06-25,PTBA,0.016002,0.026318,0.010316
2025-06-26,PTBA,0.017107,0.021776,0.004669
2025-06-30,PTBA,0.017004,0.021631,0.004626
2025-07-01,PTBA,0.016671,0.018793,0.002122
2025-07-02,PTBA,0.016623,0.018219,0.001596
2025-07-03,PTBA,0.01668,0.016905,0.000225
2025-07-04,PTBA,0.016734,0.016547,0.000188
2025-07-07,PTBA,0.01691,0.016257,0.000653
2025-07-08,PTBA,0.014917,0.015985,0.001068
2025-07-09,PTBA,0.014906,0.015595,0.000689
2025-07-10,PTBA,0.015856,0.01579,6.7e-05
2025-07-11,PTBA,0.015938,0.016454,0.000516
2025-07-14,PTBA,0.015505,0.017229,0.001723
2025-07-15,PTBA,0.015306,0.016403,0.001097
2025-07-16,PTBA,0.015326,0.0162,0.000875
2025-07-17,PTBA,0.015393,0.016626,0.001234
2025-07-18,PTBA,0.015358,0.016253,0.000895
2025-07-21,PTBA,0.012485,0.016353,0.003868
2025-07-22,PTBA,0.010993,0.016126,0.005133
2025-07-23,PTBA,0.011137,0.015612,0.004475
2025-07-24,PTBA,0.01113,0.015665,0.004535
2025-07-25,PTBA,0.009684,0.015818,0.006134
2025-07-28,PTBA,0.009684,0.016131,0.006447
2025-07-29,PTBA,0.009545,0.016043,0.006498
2025-07-30,PTBA,0.009776,0.015545,0.005769
2025-07-31,PTBA,0.009728,0.015967,0.00624
2025-08-01,PTBA,0.009833,0.015281,0.005448
2025-08-04,PTBA,0.009112,0.015618,0.006506
2025-08-05,PTBA,0.009237,0.015234,0.005997
2025-08-06,PTBA,0.008629,0.016105,0.007476
2025-08-07,PTBA,0.007085,0.015869,0.008783
2025-08-08,PTBA,0.007091,0.016312,0.009221
2025-08-11,PTBA,0.007572,0.015808,0.008236
2025-08-12,PTBA,0.007596,0.015757,0.008161
2025-08-13,PTBA,0.007877,0.016012,0.008136
2025-08-14,PTBA,0.007806,0.015747,0.007941
2025-08-15,PTBA,0.007536,0.015785,0.008249
2025-08-19,PTBA,0.008065,0.01541,0.007345
2025-08-20,PTBA,0.007841,0.015249,0.007407
2025-08-21,PTBA,0.007312,0.015258,0.007946
2025-08-22,PTBA,0.007119,0.015688,0.008568
2025-08-25,PTBA,0.010257,0.015603,0.005346
2025-08-26,PTBA,0.011284,0.016549,0.005265
2025-08-27,PTBA,0.011395,0.016232,0.004837
2025-08-28,PTBA,0.011401,0.016232,0.004831
2025-08-29,PTBA,0.011401,0.016542,0.005141
2025-09-01,PTBA,0.011401,0.017467,0.006066
2025-09-02,PTBA,0.011401,0.01643,0.005029
2025-09-03,PTBA,0.011287,0.015601,0.004314
2025-09-04,PTBA,0.011125,0.016124,0.004999
2025-09-08,PTBA,0.011168,0.016904,0.005736
2025-09-09,PTBA,0.011273,0.016771,0.005498
2025-09-10,PTBA,0.01087,0.015734,0.004865
2025-09-11,PTBA,0.011027,0.016149,0.005122
2025-09-12,PTBA,0.010743,0.015425,0.004682
2025-09-15,PTBA,0.010743,0.015666,0.004922
2025-09-16,PTBA,0.010599,0.01568,0.005081
2025-09-17,PTBA,0.010291,0.015395,0.005104
2025-09-18,PTBA,0.010524,0.01573,0.005206
2025-09-19,PTBA,0.010526,0.015495,0.00497
2025-09-22,PTBA,0.01059,0.01576,0.005171
2025-09-23,PTBA,0.00713,0.015717,0.008587
2025-09-24,PTBA,0.006294,0.015433,0.009139
2025-09-25,PTBA,0.00614,0.016126,0.009985
2025-09-26,PTBA,0.005837,0.015313,0.009477
2025-09-29,PTBA,0.006249,0.015769,0.00952
2025-09-30,PTBA,0.006055,0.015744,0.00969
2025-10-01,PTBA,0.006217,0.015584,0.009366
2025-10-02,PTBA,0.006373,0.015826,0.009453
2025-10-03,PTBA,0.006379,0.01564,0.009262
2025-10-06,PTBA,0.007239,0.016127,0.008888
2025-10-07,PTBA,0.00714,0.016133,0.008993
2025-10-08,PTBA,0.010201,0.016701,0.0065
2025-10-09,PTBA,0.010763,0.020198,0.009434
2025-10-10,PTBA,0.011372,0.017517,0.006144
2025-10-13,PTBA,0.011944,0.01845,0.006507
2025-10-14,PTBA,0.017362,0.019039,0.001677
2025-10-15,PTBA,0.018066,0.019342,0.001277
2025-10-16,PTBA,0.017875,0.017914,3.9e-05
2025-10-17,PTBA,0.019129,0.018092,0.001037
2025-10-20,PTBA,0.020437,0.017087,0.00335
2025-10-21,PTBA,0.020954,0.017477,0.003477
2025-10-22,PTBA,0.021047,0.016855,0.004192
2025-10-23,PTBA,0.021263,0.0171,0.004163
2025-10-24,PTBA,0.021193,0.017562,0.003631
2025-10-27,PTBA,0.021126,0.017835,0.003291
2025-10-28,PTBA,0.021107,0.01702,0.004087
2025-10-29,PTBA,0.021645,0.017213,0.004432
2025-10-30,PTBA,0.021894,0.017255,0.004639
2025-10-31,PTBA,0.021853,0.017202,0.004651
2025-11-03,PTBA,0.021382,0.016789,0.004593
2025-11-04,PTBA,0.021521,0.01631,0.005211
2025-11-05,PTBA,0.020554,0.015786,0.004768
2025-11-06,PTBA,0.020246,0.016024,0.004223
2025-11-07,PTBA,0.019841,0.015055,0.004786
2025-11-10,PTBA,0.019373,0.014281,0.005092
2025-11-11,PTBA,0.013398,0.01426,0.000863
2025-11-12,PTBA,0.013297,0.014086,0.000789
2025-11-13,PTBA,0.013541,0.014086,0.000545
2025-11-14,PTBA,0.012329,0.014464,0.002135
2025-11-17,PTBA,0.011031,0.014594,0.003563
2025-11-18,PTBA,0.009904,0.014907,0.005002
2025-11-19,PTBA,0.009516,0.014908,0.005392
2025-11-20,PTBA,0.00908,0.015215,0.006135
2025-11-21,PTBA,0.009103,0.015581,0.006478
2025-11-24,PTBA,0.009224,0.015444,0.00622
2025-11-25,PTBA,0.009048,0.015444,0.006396
2025-11-26,PTBA,0.006794,0.015465,0.008672
2025-11-27,PTBA,0.006567,0.015465,0.008898
2025-11-28,PTBA,0.00672,0.015465,0.008745
2025-12-01,PTBA,0.007148,0.015465,0.008317
2025-12-02,PTBA,0.006993,0.015465,0.008472
2025-12-03,PTBA,0.006617,0.015465,0.008848
2025-12-04,PTBA,0.006615,0.015465,0.00885
2025-12-05,PTBA,0.006615,0.015465,0.00885
2025-12-08,PTBA,0.00662,0.015465,0.008845
2025-12-09,PTBA,0.006618,0.015682,0.009064
2025-12-10,PTBA,0.006941,0.015682,0.008741
2025-12-11,PTBA,0.006791,0.015744,0.008953
2025-12-12,PTBA,0.006658,0.015589,0.008931
2025-12-15,PTBA,0.006039,0.016203,0.010164
2025-12-16,PTBA,0.005975,0.015551,0.009575
2025-12-17,PTBA,0.005879,0.016267,0.010389
2025-12-18,PTBA,0.005984,0.016182,0.010198
2025-12-19,PTBA,0.005989,0.016448,0.010459
2025-12-22,PTBA,0.005722,0.016295,0.010573
2025-12-23,PTBA,0.005605,0.015853,0.010248
2025-12-24,PTBA,0.006632,0.016108,0.009475
2025-12-29,PTBA,0.006646,0.016476,0.00983
2025-12-30,PTBA,0.006382,0.01587,0.009488
2026-01-02,PTBA,0.006375,0.016144,0.009769
2026-01-05,PTBA,0.00692,0.015758,0.008838
2026-01-06,PTBA,0.008047,0.016574,0.008527
2026-01-07,PTBA,0.008711,0.01808,0.009369
2026-01-08,PTBA,0.008711,0.017316,0.008605
2026-01-09,PTBA,0.008705,0.016999,0.008295
2026-01-12,PTBA,0.009289,0.016689,0.0074
2026-01-13,PTBA,0.008559,0.016851,0.008292
2026-01-14,PTBA,0.008512,0.017155,0.008643
2026-01-15,PTBA,0.008459,0.017131,0.008672
2026-01-19,PTBA,0.00839,0.016999,0.008609
2026-01-20,PTBA,0.008154,0.018367,0.010213
2026-01-21,PTBA,0.008574,0.017978,0.009403
2026-01-22,PTBA,0.008677,0.01801,0.009333
2026-01-23,PTBA,0.008757,0.017701,0.008944
2026-01-26,PTBA,0.008757,0.018125,0.009368
2026-01-27,PTBA,0.016382,0.017834,0.001452
2026-01-28,PTBA,0.016132,0.020523,0.004391
2026-01-29,PTBA,0.016328,0.019957,0.003629
2026-01-30,PTBA,0.016952,0.018495,0.001543
2026-02-02,PTBA,0.017144,0.01948,0.002335
2026-02-03,PTBA,0.01712,0.019567,0.002447
2026-02-04,PTBA,0.016879,0.020217,0.003338
2026-02-05,PTBA,0.017045,0.018673,0.001628
2026-02-06,PTBA,0.017128,0.019115,0.001987
2026-02-09,PTBA,0.017051,0.019108,0.002058
2026-02-10,PTBA,0.017124,0.018076,0.000952
2026-02-11,PTBA,0.017081,0.017982,0.000901
2026-02-12,PTBA,0.017081,0.017284,0.000203
2026-02-13,PTBA,0.01798,0.01646,0.00152
2026-02-18,PTBA,0.018006,0.016974,0.001033
2026-02-19,PTBA,0.01817,0.017465,0.000704
2026-02-20,PTBA,0.017718,0.017317,0.000401
2026-02-23,PTBA,0.01796,0.01723,0.00073
2026-02-24,PTBA,0.018097,0.017553,0.000545
2026-02-25,PTBA,0.018195,0.016887,0.001307
2026-02-26,PTBA,0.012655,0.017094,0.004439
2026-02-27,PTBA,0.017219,0.016101,0.001118
2026-03-02,PTBA,0.020962,0.018314,0.002648
2026-03-03,PTBA,0.021568,0.020197,0.00137
2026-03-04,PTBA,0.022424,0.021137,0.001287
2026-03-05,PTBA,0.022432,0.022465,3.3e-05
2026-03-06,PTBA,0.022697,0.02269,8e-06
2026-03-09,PTBA,0.022161,0.025471,0.00331
2026-03-10,PTBA,0.023446,0.024724,0.001278
2026-03-11,PTBA,0.023485,0.022739,0.000746
2026-03-12,PTBA,0.023164,0.021223,0.001941
2026-03-13,PTBA,0.023125,0.01981,0.003315
2026-03-16,PTBA,0.023191,0.019535,0.003656
2026-03-17,PTBA,0.028464,0.01875,0.009714
2026-03-25,PTBA,0.028777,0.01934,0.009437
2026-03-26,PTBA,0.02884,0.019495,0.009345
2026-03-27,PTBA,0.028866,0.01906,0.009806
2026-03-30,PTBA,0.028292,0.019213,0.009079
2026-03-31,PTBA,0.032862,0.019942,0.01292
2026-04-01,PTBA,0.033414,0.023336,0.010078
2026-04-02,PTBA,0.033581,0.022191,0.01139
2026-04-06,PTBA,0.031868,0.021784,0.010084
2026-04-07,PTBA,0.029435,0.023686,0.005748
2026-04-08,PTBA,0.029108,0.022009,0.007099
2026-04-09,PTBA,0.027769,0.021123,0.006645
2026-04-10,PTBA,0.027875,0.021557,0.006317
2026-04-13,PTBA,0.027806,0.02043,0.007376
2026-04-14,PTBA,0.027895,0.018601,0.009294
2026-04-15,PTBA,0.027291,0.018901,0.00839
2026-04-16,PTBA,0.02721,0.018412,0.008798
2026-04-17,PTBA,0.027306,0.016925,0.010381
2026-04-20,PTBA,0.027487,0.016894,0.010593
2026-04-21,PTBA,0.028308,0.016977,0.011331
2026-04-22,PTBA,0.021083,0.018046,0.003037
2026-04-23,PTBA,0.021394,0.017972,0.003421
2026-04-24,PTBA,0.021406,0.018034,0.003372
2026-04-27,PTBA,0.020935,0.017625,0.00331
2026-04-28,PTBA,0.020853,0.017825,0.003028
2026-04-29,PTBA,0.015487,0.017099,0.001613
2026-04-30,PTBA,0.01591,0.017293,0.001383
2026-05-04,PTBA,0.014953,0.017507,0.002553
2026-05-05,PTBA,0.014534,0.016524,0.00199
2026-05-06,PTBA,0.013997,0.016525,0.002528
2026-05-07,PTBA,0.013997,0.017183,0.003185
2026-05-08,PTBA,0.013998,0.017238,0.00324
2026-05-11,PTBA,0.013783,0.01784,0.004057
2026-05-12,PTBA,0.013898,0.015709,0.001811
2026-05-13,PTBA,0.013754,0.015419,0.001665
2026-05-14,PTBA,0.013585,0.015957,0.002372
2025-02-13,MEDC,0.025416,0.026785,0.001369
2025-02-14,MEDC,0.025896,0.026628,0.000732
2025-02-17,MEDC,0.025827,0.026628,0.000801
2025-02-18,MEDC,0.025834,0.026862,0.001028
2025-02-19,MEDC,0.025771,0.026862,0.00109
2025-02-20,MEDC,0.021327,0.026862,0.005535
2025-02-21,MEDC,0.021185,0.026726,0.005541
2025-02-24,MEDC,0.02094,0.026726,0.005786
2025-02-25,MEDC,0.020893,0.027154,0.006261
2025-02-26,MEDC,0.01782,0.026492,0.008672
2025-02-27,MEDC,0.017526,0.026628,0.009102
2025-02-28,MEDC,0.017793,0.027112,0.009319
2025-03-03,MEDC,0.017223,0.027465,0.010242
2025-03-04,MEDC,0.016751,0.027942,0.011191
2025-03-05,MEDC,0.014692,0.027356,0.012663
2025-03-06,MEDC,0.014696,0.027494,0.012799
2025-03-07,MEDC,0.013997,0.02679,0.012793
2025-03-10,MEDC,0.014473,0.026816,0.012343
2025-03-11,MEDC,0.014382,0.02692,0.012537
2025-03-12,MEDC,0.014382,0.026628,0.012245
2025-03-13,MEDC,0.01248,0.026628,0.014147
2025-03-14,MEDC,0.011549,0.02711,0.015561
2025-03-17,MEDC,0.011621,0.026628,0.015007
2025-03-18,MEDC,0.01198,0.027361,0.015381
2025-03-19,MEDC,0.014356,0.027465,0.013109
2025-03-20,MEDC,0.015189,0.028322,0.013133
2025-03-21,MEDC,0.015635,0.027488,0.011853
2025-03-24,MEDC,0.01669,0.027763,0.011073
2025-03-25,MEDC,0.020281,0.026942,0.006662
2025-03-26,MEDC,0.020051,0.027068,0.007017
2025-03-27,MEDC,0.022667,0.027049,0.004382
2025-04-08,MEDC,0.023799,0.027905,0.004106
2025-04-09,MEDC,0.030513,0.029003,0.00151
2025-04-10,MEDC,0.030436,0.030761,0.000326
2025-04-11,MEDC,0.030794,0.031153,0.000358
2025-04-14,MEDC,0.030913,0.031125,0.000211
2025-04-15,MEDC,0.031783,0.030963,0.000821
2025-04-16,MEDC,0.031707,0.029421,0.002286
2025-04-17,MEDC,0.031748,0.028647,0.003102
2025-04-21,MEDC,0.031952,0.027845,0.004106
2025-04-22,MEDC,0.03218,0.027341,0.004839
2025-04-23,MEDC,0.032596,0.029125,0.003471
2025-04-24,MEDC,0.032696,0.02828,0.004416
2025-04-25,MEDC,0.032229,0.027918,0.004311
2025-04-28,MEDC,0.031673,0.028463,0.00321
2025-04-29,MEDC,0.031397,0.02934,0.002058
2025-04-30,MEDC,0.030943,0.029248,0.001695
2025-05-02,MEDC,0.030671,0.028232,0.002439
2025-05-05,MEDC,0.028621,0.027447,0.001175
2025-05-06,MEDC,0.028754,0.026841,0.001913
2025-05-07,MEDC,0.025507,0.02717,0.001663
2025-05-08,MEDC,0.02403,0.028106,0.004075
2025-05-09,MEDC,0.017611,0.02855,0.010938
2025-05-14,MEDC,0.01758,0.02919,0.011609
2025-05-15,MEDC,0.017302,0.030086,0.012784
2025-05-16,MEDC,0.017416,0.03026,0.012843
2025-05-19,MEDC,0.0171,0.02941,0.012311
2025-05-20,MEDC,0.017807,0.03022,0.012413
2025-05-21,MEDC,0.022055,0.029056,0.007001
2025-05-22,MEDC,0.022524,0.030053,0.007529
2025-05-23,MEDC,0.023862,0.028337,0.004474
2025-05-26,MEDC,0.023262,0.029166,0.005904
2025-05-27,MEDC,0.023599,0.028584,0.004986
2025-05-28,MEDC,0.023534,0.0281,0.004566
2025-06-02,MEDC,0.02355,0.030463,0.006912
2025-06-03,MEDC,0.023018,0.027794,0.004777
2025-06-04,MEDC,0.022834,0.028691,0.005858
2025-06-05,MEDC,0.022622,0.026965,0.004343
2025-06-10,MEDC,0.022713,0.027048,0.004335
2025-06-11,MEDC,0.022808,0.027656,0.004848
2025-06-12,MEDC,0.028977,0.028286,0.000691
2025-06-13,MEDC,0.029233,0.030119,0.000885
2025-06-16,MEDC,0.030168,0.031478,0.001309
2025-06-17,MEDC,0.030197,0.037153,0.006956
2025-06-18,MEDC,0.029922,0.034935,0.005012
2025-06-19,MEDC,0.030511,0.039391,0.00888
2025-06-20,MEDC,0.028808,0.042628,0.01382
2025-06-23,MEDC,0.037248,0.044148,0.0069
2025-06-24,MEDC,0.036737,0.042789,0.006052
2025-06-25,MEDC,0.036485,0.042679,0.006194
2025-06-26,MEDC,0.035498,0.036235,0.000737
2025-06-30,MEDC,0.035576,0.035465,0.000111
2025-07-01,MEDC,0.035366,0.034713,0.000653
2025-07-02,MEDC,0.035415,0.031992,0.003422
2025-07-03,MEDC,0.035453,0.028729,0.006724
2025-07-04,MEDC,0.035517,0.027652,0.007865
2025-07-07,MEDC,0.035551,0.026518,0.009033
2025-07-08,MEDC,0.035327,0.027147,0.00818
2025-07-09,MEDC,0.035339,0.025972,0.009367
2025-07-10,MEDC,0.035351,0.025379,0.009972
2025-07-11,MEDC,0.028398,0.025379,0.003019
2025-07-14,MEDC,0.026863,0.025379,0.001484
2025-07-15,MEDC,0.027751,0.025379,0.002372
2025-07-16,MEDC,0.027979,0.025758,0.002221
2025-07-17,MEDC,0.027395,0.026038,0.001357
2025-07-18,MEDC,0.027363,0.027253,0.00011
2025-07-21,MEDC,0.027149,0.025873,0.001276
2025-07-22,MEDC,0.017999,0.025716,0.007716
2025-07-23,MEDC,0.01484,0.027578,0.012737
2025-07-24,MEDC,0.016045,0.027003,0.010958
2025-07-25,MEDC,0.015796,0.026246,0.01045
2025-07-28,MEDC,0.017771,0.023799,0.006028
2025-07-29,MEDC,0.01745,0.024364,0.006914
2025-07-30,MEDC,0.018857,0.026702,0.007845
2025-07-31,MEDC,0.02165,0.025357,0.003707
2025-08-01,MEDC,0.02179,0.025768,0.003978
2025-08-04,MEDC,0.022323,0.025217,0.002894
2025-08-05,MEDC,0.0219,0.027405,0.005505
2025-08-06,MEDC,0.025374,0.025535,0.000162
2025-08-07,MEDC,0.026101,0.025201,0.0009
2025-08-08,MEDC,0.026947,0.025685,0.001263
2025-08-11,MEDC,0.027153,0.024159,0.002994
2025-08-12,MEDC,0.02721,0.02303,0.00418
2025-08-13,MEDC,0.027209,0.023717,0.003492
2025-08-14,MEDC,0.026984,0.024945,0.002039
2025-08-15,MEDC,0.026913,0.02292,0.003994
2025-08-19,MEDC,0.027534,0.022762,0.004772
2025-08-20,MEDC,0.027652,0.022884,0.004768
2025-08-21,MEDC,0.028619,0.023091,0.005528
2025-08-22,MEDC,0.027966,0.02292,0.005046
2025-08-25,MEDC,0.02781,0.022798,0.005012
2025-08-26,MEDC,0.026199,0.022822,0.003377
2025-08-27,MEDC,0.026186,0.022768,0.003417
2025-08-28,MEDC,0.025943,0.02261,0.003332
2025-08-29,MEDC,0.024464,0.022696,0.001767
2025-09-01,MEDC,0.030088,0.023434,0.006654
2025-09-02,MEDC,0.029731,0.023585,0.006146
2025-09-03,MEDC,0.029731,0.023756,0.005975
2025-09-04,MEDC,0.027979,0.023508,0.004471
2025-09-08,MEDC,0.027342,0.02291,0.004431
2025-09-09,MEDC,0.026559,0.023239,0.00332
2025-09-10,MEDC,0.026365,0.023515,0.00285
2025-09-11,MEDC,0.025344,0.022662,0.002682
2025-09-12,MEDC,0.02468,0.022686,0.001995
2025-09-15,MEDC,0.026436,0.022632,0.003804
2025-09-16,MEDC,0.026566,0.023293,0.003273
2025-09-17,MEDC,0.026137,0.024733,0.001404
2025-09-18,MEDC,0.026077,0.02536,0.000717
2025-09-19,MEDC,0.025337,0.024831,0.000506
2025-09-22,MEDC,0.025375,0.02447,0.000904
2025-09-23,MEDC,0.025131,0.026345,0.001214
2025-09-24,MEDC,0.024967,0.025874,0.000907
2025-09-25,MEDC,0.024658,0.023833,0.000825
2025-09-26,MEDC,0.023851,0.024979,0.001128
2025-09-29,MEDC,0.02291,0.026262,0.003353
2025-09-30,MEDC,0.016862,0.025982,0.009119
2025-10-01,MEDC,0.016767,0.027458,0.010692
2025-10-02,MEDC,0.02115,0.029414,0.008264
2025-10-03,MEDC,0.01934,0.028351,0.009011
2025-10-06,MEDC,0.021658,0.030681,0.009023
2025-10-07,MEDC,0.022235,0.034517,0.012282
2025-10-08,MEDC,0.024309,0.035365,0.011055
2025-10-09,MEDC,0.025497,0.035951,0.010455
2025-10-10,MEDC,0.025891,0.036776,0.010885
2025-10-13,MEDC,0.025719,0.034595,0.008876
2025-10-14,MEDC,0.031181,0.034008,0.002827
2025-10-15,MEDC,0.030391,0.032907,0.002517
2025-10-16,MEDC,0.031946,0.031304,0.000642
2025-10-17,MEDC,0.032022,0.030128,0.001893
2025-10-20,MEDC,0.032282,0.029399,0.002883
2025-10-21,MEDC,0.032366,0.028057,0.004309
2025-10-22,MEDC,0.032766,0.027649,0.005117
2025-10-23,MEDC,0.034052,0.026513,0.007539
2025-10-24,MEDC,0.03435,0.026842,0.007508
2025-10-27,MEDC,0.034421,0.027857,0.006564
2025-10-28,MEDC,0.034095,0.027939,0.006156
2025-10-29,MEDC,0.034133,0.027267,0.006865
2025-10-30,MEDC,0.030174,0.027941,0.002232
2025-10-31,MEDC,0.030305,0.027119,0.003186
2025-11-03,MEDC,0.028092,0.026311,0.001781
2025-11-04,MEDC,0.028505,0.025797,0.002707
2025-11-05,MEDC,0.027777,0.026447,0.00133
2025-11-06,MEDC,0.027511,0.026884,0.000626
2025-11-07,MEDC,0.026204,0.025875,0.000329
2025-11-10,MEDC,0.025958,0.026069,0.00011
2025-11-11,MEDC,0.020945,0.027076,0.006131
2025-11-12,MEDC,0.02095,0.026605,0.005654
2025-11-13,MEDC,0.019173,0.027112,0.007939
2025-11-14,MEDC,0.018637,0.026867,0.00823
2025-11-17,MEDC,0.018366,0.027054,0.008688
2025-11-18,MEDC,0.018545,0.027089,0.008544
2025-11-19,MEDC,0.017381,0.025881,0.0085
2025-11-20,MEDC,0.015594,0.026379,0.010786
2025-11-21,MEDC,0.017019,0.025748,0.008729
2025-11-24,MEDC,0.016611,0.026184,0.009573
2025-11-25,MEDC,0.016611,0.026447,0.009836
2025-11-26,MEDC,0.016109,0.026733,0.010624
2025-11-27,MEDC,0.016076,0.026597,0.010521
2025-11-28,MEDC,0.016076,0.025745,0.009669
2025-12-01,MEDC,0.01461,0.026552,0.011942
2025-12-02,MEDC,0.013677,0.025424,0.011747
2025-12-03,MEDC,0.014256,0.025646,0.01139
2025-12-04,MEDC,0.015408,0.025646,0.010238
2025-12-05,MEDC,0.015368,0.025424,0.010056
2025-12-08,MEDC,0.016476,0.025421,0.008945
2025-12-09,MEDC,0.016553,0.025643,0.00909
2025-12-10,MEDC,0.018334,0.025576,0.007241
2025-12-11,MEDC,0.023925,0.025798,0.001873
2025-12-12,MEDC,0.0245,0.026719,0.002219
2025-12-15,MEDC,0.02472,0.026808,0.002088
2025-12-16,MEDC,0.025247,0.027267,0.00202
2025-12-17,MEDC,0.025239,0.02704,0.001801
2025-12-18,MEDC,0.025132,0.026652,0.001519
2025-12-19,MEDC,0.023299,0.027696,0.004396
2025-12-22,MEDC,0.023357,0.026683,0.003326
2025-12-23,MEDC,0.02338,0.025974,0.002595
2025-12-24,MEDC,0.02461,0.026195,0.001585
2025-12-29,MEDC,0.024684,0.025797,0.001114
2025-12-30,MEDC,0.029771,0.02645,0.003321
2026-01-02,MEDC,0.030073,0.027586,0.002487
2026-01-05,MEDC,0.029538,0.031285,0.001748
2026-01-06,MEDC,0.029582,0.030016,0.000434
2026-01-07,MEDC,0.031338,0.032484,0.001146
2026-01-08,MEDC,0.033425,0.030842,0.002582
2026-01-09,MEDC,0.032901,0.031714,0.001187
2026-01-12,MEDC,0.033325,0.033863,0.000538
2026-01-13,MEDC,0.032117,0.031411,0.000706
2026-01-14,MEDC,0.029454,0.035324,0.00587
2026-01-15,MEDC,0.028731,0.032746,0.004015
2026-01-19,MEDC,0.027769,0.032737,0.004968
2026-01-20,MEDC,0.027525,0.031957,0.004432
2026-01-21,MEDC,0.027468,0.031053,0.003585
2026-01-22,MEDC,0.027599,0.032184,0.004585
2026-01-23,MEDC,0.028424,0.030676,0.002252
2026-01-26,MEDC,0.02972,0.032627,0.002907
2026-01-27,MEDC,0.029976,0.030063,8.7e-05
2026-01-28,MEDC,0.029453,0.035267,0.005815
2026-01-29,MEDC,0.029315,0.038353,0.009038
2026-01-30,MEDC,0.028632,0.039803,0.011171
2026-02-02,MEDC,0.028502,0.042613,0.01411
2026-02-03,MEDC,0.028945,0.036519,0.007574
2026-02-04,MEDC,0.030056,0.035969,0.005913
2026-02-05,MEDC,0.029202,0.039155,0.009953
2026-02-06,MEDC,0.026437,0.035022,0.008585
2026-02-09,MEDC,0.027949,0.031041,0.003092
2026-02-10,MEDC,0.027807,0.032469,0.004662
2026-02-11,MEDC,0.027561,0.036965,0.009405
2026-02-12,MEDC,0.027289,0.035019,0.00773
2026-02-13,MEDC,0.030413,0.031686,0.001273
2026-02-18,MEDC,0.030299,0.035035,0.004736
2026-02-19,MEDC,0.030312,0.038355,0.008043
2026-02-20,MEDC,0.030024,0.041512,0.011488
2026-02-23,MEDC,0.03085,0.035736,0.004886
2026-02-24,MEDC,0.030257,0.03846,0.008204
2026-02-25,MEDC,0.030277,0.038039,0.007763
2026-02-26,MEDC,0.030447,0.037126,0.00668
2026-02-27,MEDC,0.043278,0.039607,0.00367
2026-03-02,MEDC,0.045509,0.039817,0.005692
2026-03-03,MEDC,0.043849,0.041936,0.001914
2026-03-04,MEDC,0.043882,0.041311,0.00257
2026-03-05,MEDC,0.044741,0.041493,0.003248
2026-03-06,MEDC,0.044879,0.047713,0.002834
2026-03-09,MEDC,0.044562,0.047891,0.003328
2026-03-10,MEDC,0.045544,0.048134,0.00259
2026-03-11,MEDC,0.045043,0.047929,0.002887
2026-03-12,MEDC,0.045203,0.046774,0.001571
2026-03-13,MEDC,0.045543,0.046594,0.001051
2026-03-16,MEDC,0.045811,0.043829,0.001982
2026-03-17,MEDC,0.044311,0.042947,0.001364
2026-03-25,MEDC,0.045265,0.03654,0.008725
2026-03-26,MEDC,0.045227,0.033783,0.011444
2026-03-27,MEDC,0.046303,0.032377,0.013926
2026-03-30,MEDC,0.047821,0.034643,0.013178
2026-03-31,MEDC,0.050995,0.035676,0.015319
2026-04-01,MEDC,0.051731,0.03441,0.017321
2026-04-02,MEDC,0.051288,0.035877,0.015411
2026-04-06,MEDC,0.037988,0.03751,0.000478
2026-04-07,MEDC,0.0379,0.038772,0.000872
2026-04-08,MEDC,0.037112,0.040658,0.003546
2026-04-09,MEDC,0.037156,0.042414,0.005258
2026-04-10,MEDC,0.039615,0.036206,0.003409
2026-04-13,MEDC,0.038797,0.034071,0.004726
2026-04-14,MEDC,0.038492,0.035661,0.002831
2026-04-15,MEDC,0.037771,0.037875,0.000103
2026-04-16,MEDC,0.036774,0.032499,0.004275
2026-04-17,MEDC,0.036566,0.031568,0.004997
2026-04-20,MEDC,0.036104,0.030792,0.005312
2026-04-21,MEDC,0.035565,0.02968,0.005885
2026-04-22,MEDC,0.037438,0.029149,0.008289
2026-04-23,MEDC,0.037211,0.03109,0.006121
2026-04-24,MEDC,0.037256,0.031073,0.006183
2026-04-27,MEDC,0.035313,0.033121,0.002192
2026-04-28,MEDC,0.034789,0.030656,0.004133
2026-04-29,MEDC,0.030224,0.03154,0.001315
2026-04-30,MEDC,0.027804,0.033041,0.005237
2026-05-04,MEDC,0.027908,0.030443,0.002534
2026-05-05,MEDC,0.027827,0.029402,0.001575
2026-05-06,MEDC,0.031872,0.028325,0.003548
2026-05-07,MEDC,0.031911,0.029869,0.002041
2026-05-08,MEDC,0.032467,0.031218,0.001249
2026-05-11,MEDC,0.029741,0.030434,0.000693
2026-05-12,MEDC,0.02933,0.030238,0.000908
2026-05-13,MEDC,0.02933,0.030287,0.000957
2026-05-14,MEDC,0.029031,0.029638,0.000608
2025-02-13,AKRA,0.020232,0.025069,0.004837
2025-02-14,AKRA,0.020127,0.025069,0.004942
2025-02-17,AKRA,0.026384,0.025069,0.001315
2025-02-18,AKRA,0.0264,0.025069,0.001331
2025-02-19,AKRA,0.025313,0.025069,0.000244
2025-02-20,AKRA,0.025313,0.025467,0.000154
2025-02-21,AKRA,0.025317,0.024939,0.000378
2025-02-24,AKRA,0.025453,0.024939,0.000514
2025-02-25,AKRA,0.02434,0.025261,0.000921
2025-02-26,AKRA,0.026499,0.024939,0.001559
2025-02-27,AKRA,0.029816,0.02559,0.004226
2025-02-28,AKRA,0.029569,0.024801,0.004767
2025-03-03,AKRA,0.030139,0.025471,0.004668
2025-03-04,AKRA,0.030027,0.024666,0.00536
2025-03-05,AKRA,0.032589,0.024166,0.008424
2025-03-06,AKRA,0.032711,0.024673,0.008038
2025-03-07,AKRA,0.032283,0.024166,0.008117
2025-03-10,AKRA,0.032428,0.024363,0.008064
2025-03-11,AKRA,0.032485,0.024166,0.00832
2025-03-12,AKRA,0.041204,0.024166,0.017038
2025-03-13,AKRA,0.041867,0.02509,0.016777
2025-03-14,AKRA,0.041984,0.025056,0.016928
2025-03-17,AKRA,0.039001,0.025257,0.013745
2025-03-18,AKRA,0.03908,0.024898,0.014182
2025-03-19,AKRA,0.03854,0.025371,0.013169
2025-03-20,AKRA,0.03856,0.025846,0.012714
2025-03-21,AKRA,0.038528,0.02524,0.013288
2025-03-24,AKRA,0.039552,0.025426,0.014126
2025-03-25,AKRA,0.03987,0.024403,0.015467
2025-03-26,AKRA,0.034085,0.024636,0.009449
2025-03-27,AKRA,0.041258,0.025654,0.015604
2025-04-08,AKRA,0.043495,0.024969,0.018527
2025-04-09,AKRA,0.06503,0.025356,0.039673
2025-04-10,AKRA,0.065695,0.025771,0.039924
2025-04-11,AKRA,0.064209,0.025826,0.038383
2025-04-14,AKRA,0.063938,0.025989,0.037949
2025-04-15,AKRA,0.063952,0.025649,0.038303
2025-04-16,AKRA,0.064042,0.025664,0.038378
2025-04-17,AKRA,0.064149,0.025965,0.038184
2025-04-21,AKRA,0.060535,0.025269,0.035266
2025-04-22,AKRA,0.060531,0.025455,0.035076
2025-04-23,AKRA,0.061521,0.025326,0.036196
2025-04-24,AKRA,0.0609,0.025303,0.035597
2025-04-25,AKRA,0.060918,0.025313,0.035605
2025-04-28,AKRA,0.061244,0.025724,0.03552
2025-04-29,AKRA,0.061266,0.025196,0.03607
2025-04-30,AKRA,0.061361,0.025196,0.036165
2025-05-02,AKRA,0.06106,0.026003,0.035057
2025-05-05,AKRA,0.060604,0.025481,0.035123
2025-05-06,AKRA,0.060511,0.025816,0.034696
2025-05-07,AKRA,0.052394,0.025469,0.026925
2025-05-08,AKRA,0.048124,0.024978,0.023146
2025-05-09,AKRA,0.021709,0.025293,0.003584
2025-05-14,AKRA,0.017751,0.024166,0.006414
2025-05-15,AKRA,0.017629,0.024166,0.006537
2025-05-16,AKRA,0.016117,0.0245,0.008384
2025-05-19,AKRA,0.015897,0.024882,0.008985
2025-05-20,AKRA,0.021836,0.024226,0.00239
2025-05-21,AKRA,0.02359,0.024218,0.000627
2025-05-22,AKRA,0.025204,0.024072,0.001132
2025-05-23,AKRA,0.025068,0.023289,0.001778
2025-05-26,AKRA,0.023052,0.023605,0.000552
2025-05-27,AKRA,0.02317,0.022806,0.000365
2025-05-28,AKRA,0.02456,0.022543,0.002017
2025-06-02,AKRA,0.024081,0.022166,0.001915
2025-06-03,AKRA,0.024598,0.022676,0.001921
2025-06-04,AKRA,0.024903,0.022716,0.002188
2025-06-05,AKRA,0.024561,0.022327,0.002235
2025-06-10,AKRA,0.025157,0.022469,0.002688
2025-06-11,AKRA,0.025657,0.022832,0.002824
2025-06-12,AKRA,0.026088,0.022606,0.003482
2025-06-13,AKRA,0.026927,0.021891,0.005036
2025-06-16,AKRA,0.026987,0.02251,0.004476
2025-06-17,AKRA,0.026986,0.022464,0.004522
2025-06-18,AKRA,0.027221,0.021335,0.005886
2025-06-19,AKRA,0.029279,0.022227,0.007053
2025-06-20,AKRA,0.030527,0.022301,0.008226
2025-06-23,AKRA,0.025362,0.022047,0.003315
2025-06-24,AKRA,0.02659,0.021924,0.004667
2025-06-25,AKRA,0.027261,0.022469,0.004791
2025-06-26,AKRA,0.027665,0.022588,0.005077
2025-06-30,AKRA,0.027843,0.022972,0.004871
2025-07-01,AKRA,0.027797,0.023047,0.00475
2025-07-02,AKRA,0.027272,0.023155,0.004117
2025-07-03,AKRA,0.026699,0.023247,0.003452
2025-07-04,AKRA,0.026453,0.023335,0.003118
2025-07-07,AKRA,0.026166,0.022901,0.003265
2025-07-08,AKRA,0.026055,0.022996,0.003059
2025-07-09,AKRA,0.025553,0.022981,0.002572
2025-07-10,AKRA,0.024978,0.023165,0.001813
2025-07-11,AKRA,0.024853,0.02316,0.001693
2025-07-14,AKRA,0.0248,0.022858,0.001942
2025-07-15,AKRA,0.024801,0.022971,0.00183
2025-07-16,AKRA,0.024674,0.022817,0.001857
2025-07-17,AKRA,0.024576,0.022658,0.001918
2025-07-18,AKRA,0.022737,0.022658,7.9e-05
2025-07-21,AKRA,0.021107,0.022838,0.00173
2025-07-22,AKRA,0.020308,0.023661,0.003352
2025-07-23,AKRA,0.017408,0.023835,0.006427
2025-07-24,AKRA,0.016277,0.023676,0.007399
2025-07-25,AKRA,0.019922,0.023874,0.003952
2025-07-28,AKRA,0.020108,0.023377,0.003269
2025-07-29,AKRA,0.020561,0.02363,0.003069
2025-07-30,AKRA,0.020538,0.023467,0.002928
2025-07-31,AKRA,0.020902,0.022985,0.002083
2025-08-01,AKRA,0.021276,0.02197,0.000694
2025-08-04,AKRA,0.021139,0.020795,0.000345
2025-08-05,AKRA,0.021002,0.020593,0.000409
2025-08-06,AKRA,0.021462,0.020593,0.000869
2025-08-07,AKRA,0.0214,0.020779,0.000621
2025-08-08,AKRA,0.021663,0.020778,0.000885
2025-08-11,AKRA,0.021989,0.020399,0.00159
2025-08-12,AKRA,0.021696,0.020399,0.001297
2025-08-13,AKRA,0.022289,0.020399,0.00189
2025-08-14,AKRA,0.021541,0.020399,0.001142
2025-08-15,AKRA,0.022702,0.020399,0.002304
2025-08-19,AKRA,0.022739,0.021046,0.001693
2025-08-20,AKRA,0.021649,0.020874,0.000775
2025-08-21,AKRA,0.021304,0.021295,9e-06
2025-08-22,AKRA,0.021547,0.0217,0.000153
2025-08-25,AKRA,0.016805,0.022327,0.005522
2025-08-26,AKRA,0.016137,0.022506,0.006369
2025-08-27,AKRA,0.016074,0.022647,0.006573
2025-08-28,AKRA,0.016526,0.02236,0.005834
2025-08-29,AKRA,0.016433,0.02236,0.005927
2025-09-01,AKRA,0.015965,0.022893,0.006928
2025-09-02,AKRA,0.016976,0.022924,0.005948
2025-09-03,AKRA,0.016943,0.023073,0.00613
2025-09-04,AKRA,0.01557,0.022832,0.007263
2025-09-08,AKRA,0.01557,0.022986,0.007417
2025-09-09,AKRA,0.015501,0.022832,0.007332
2025-09-10,AKRA,0.015025,0.022832,0.007807
2025-09-11,AKRA,0.014625,0.023012,0.008387
2025-09-12,AKRA,0.014094,0.023166,0.009072
2025-09-15,AKRA,0.016094,0.023325,0.007231
2025-09-16,AKRA,0.014307,0.023374,0.009068
2025-09-17,AKRA,0.014246,0.023145,0.0089
2025-09-18,AKRA,0.014492,0.022744,0.008252
2025-09-19,AKRA,0.015163,0.022832,0.007669
2025-09-22,AKRA,0.014788,0.023012,0.008224
2025-09-23,AKRA,0.014127,0.023166,0.009039
2025-09-24,AKRA,0.014141,0.023145,0.009004
2025-09-25,AKRA,0.014289,0.023041,0.008752
2025-09-26,AKRA,0.013612,0.022832,0.009221
2025-09-29,AKRA,0.013611,0.022737,0.009126
2025-09-30,AKRA,0.019739,0.022832,0.003093
2025-10-01,AKRA,0.018532,0.022853,0.004321
2025-10-02,AKRA,0.019227,0.022879,0.003651
2025-10-03,AKRA,0.019455,0.022974,0.003519
2025-10-06,AKRA,0.019844,0.022972,0.003128
2025-10-07,AKRA,0.019642,0.022914,0.003272
2025-10-08,AKRA,0.019719,0.023636,0.003917
2025-10-09,AKRA,0.02007,0.022972,0.002902
2025-10-10,AKRA,0.020178,0.022827,0.002649
2025-10-13,AKRA,0.018203,0.022739,0.004536
2025-10-14,AKRA,0.018016,0.022893,0.004877
2025-10-15,AKRA,0.018952,0.022739,0.003787
2025-10-16,AKRA,0.018983,0.022669,0.003686
2025-10-17,AKRA,0.01949,0.02282,0.00333
2025-10-20,AKRA,0.021369,0.023369,0.002
2025-10-21,AKRA,0.022244,0.023509,0.001265
2025-10-22,AKRA,0.022658,0.024311,0.001653
2025-10-23,AKRA,0.029625,0.024641,0.004984
2025-10-24,AKRA,0.029421,0.024501,0.00492
2025-10-27,AKRA,0.029421,0.02468,0.004741
2025-10-28,AKRA,0.025297,0.024612,0.000685
2025-10-29,AKRA,0.025084,0.024413,0.000672
2025-10-30,AKRA,0.024956,0.024561,0.000395
2025-10-31,AKRA,0.02483,0.024825,6e-06
2025-11-03,AKRA,0.024877,0.024135,0.000743
2025-11-04,AKRA,0.025922,0.023682,0.00224
2025-11-05,AKRA,0.025933,0.023628,0.002305
2025-11-06,AKRA,0.025134,0.023237,0.001898
2025-11-07,AKRA,0.026247,0.023362,0.002884
2025-11-10,AKRA,0.025895,0.023669,0.002227
2025-11-11,AKRA,0.025899,0.023854,0.002045
2025-11-12,AKRA,0.026156,0.023363,0.002794
2025-11-13,AKRA,0.025946,0.022991,0.002955
2025-11-14,AKRA,0.026637,0.022986,0.003651
2025-11-17,AKRA,0.027864,0.023062,0.004802
2025-11-18,AKRA,0.026411,0.022292,0.004119
2025-11-19,AKRA,0.029503,0.022178,0.007324
2025-11-20,AKRA,0.023712,0.021687,0.002025
2025-11-21,AKRA,0.02445,0.020972,0.003478
2025-11-24,AKRA,0.024415,0.020593,0.003822
2025-11-25,AKRA,0.024411,0.021046,0.003364
2025-11-26,AKRA,0.0249,0.020657,0.004242
2025-11-27,AKRA,0.024767,0.021334,0.003433
2025-11-28,AKRA,0.024401,0.021814,0.002587
2025-12-01,AKRA,0.024415,0.021929,0.002486
2025-12-02,AKRA,0.023608,0.022162,0.001446
2025-12-03,AKRA,0.027448,0.023042,0.004406
2025-12-04,AKRA,0.028236,0.022887,0.005348
2025-12-05,AKRA,0.027099,0.021994,0.005105
2025-12-08,AKRA,0.028611,0.022086,0.006526
2025-12-09,AKRA,0.028787,0.022502,0.006285
2025-12-10,AKRA,0.029369,0.021152,0.008217
2025-12-11,AKRA,0.02931,0.021695,0.007615
2025-12-12,AKRA,0.02808,0.021827,0.006253
2025-12-15,AKRA,0.024933,0.022998,0.001935
2025-12-16,AKRA,0.025085,0.023329,0.001756
2025-12-17,AKRA,0.022674,0.023488,0.000813
2025-12-18,AKRA,0.022461,0.023488,0.001027
2025-12-19,AKRA,0.022002,0.023488,0.001485
2025-12-22,AKRA,0.022091,0.023367,0.001276
2025-12-23,AKRA,0.022005,0.022488,0.000483
2025-12-24,AKRA,0.021322,0.022956,0.001634
2025-12-29,AKRA,0.021389,0.022201,0.000812
2025-12-30,AKRA,0.021242,0.022088,0.000847
2026-01-02,AKRA,0.021217,0.022136,0.00092
2026-01-05,AKRA,0.021403,0.021621,0.000218
2026-01-06,AKRA,0.016245,0.021426,0.005181
2026-01-07,AKRA,0.015521,0.020708,0.005187
2026-01-08,AKRA,0.015537,0.02091,0.005373
2026-01-09,AKRA,0.01288,0.021241,0.008361
2026-01-12,AKRA,0.011149,0.021008,0.009858
2026-01-13,AKRA,0.009241,0.021938,0.012697
2026-01-14,AKRA,0.009275,0.022112,0.012837
2026-01-15,AKRA,0.012096,0.021862,0.009766
2026-01-19,AKRA,0.013237,0.021737,0.0085
2026-01-20,AKRA,0.014819,0.021644,0.006825
2026-01-21,AKRA,0.015094,0.021087,0.005993
2026-01-22,AKRA,0.015372,0.020708,0.005337
2026-01-23,AKRA,0.017198,0.020708,0.003511
2026-01-26,AKRA,0.017373,0.020593,0.00322
2026-01-27,AKRA,0.021062,0.020399,0.000663
2026-01-28,AKRA,0.025168,0.0206,0.004568
2026-01-29,AKRA,0.027175,0.020817,0.006358
2026-01-30,AKRA,0.027134,0.021877,0.005257
2026-02-02,AKRA,0.03093,0.022281,0.008649
2026-02-03,AKRA,0.031272,0.023206,0.008067
2026-02-04,AKRA,0.031108,0.022655,0.008453
2026-02-05,AKRA,0.031003,0.022649,0.008354
2026-02-06,AKRA,0.030953,0.022344,0.00861
2026-02-09,AKRA,0.031644,0.021184,0.010461
2026-02-10,AKRA,0.031694,0.020399,0.011295
2026-02-11,AKRA,0.031767,0.021249,0.010518
2026-02-12,AKRA,0.031784,0.021184,0.0106
2026-02-13,AKRA,0.03096,0.020514,0.010446
2026-02-18,AKRA,0.030458,0.020514,0.009944
2026-02-19,AKRA,0.029833,0.020514,0.009319
2026-02-20,AKRA,0.029569,0.020514,0.009055
2026-02-23,AKRA,0.029775,0.020514,0.009261
2026-02-24,AKRA,0.028448,0.020514,0.007934
2026-02-25,AKRA,0.029893,0.020514,0.009378
2026-02-26,AKRA,0.029052,0.020399,0.008653
2026-02-27,AKRA,0.027856,0.021799,0.006057
2026-03-02,AKRA,0.027686,0.020958,0.006729
2026-03-03,AKRA,0.033433,0.020851,0.012582
2026-03-04,AKRA,0.03083,0.02274,0.00809
2026-03-05,AKRA,0.030484,0.022761,0.007723
2026-03-06,AKRA,0.030472,0.021303,0.009169
2026-03-09,AKRA,0.030476,0.022557,0.007919
2026-03-10,AKRA,0.030511,0.023028,0.007483
2026-03-11,AKRA,0.029554,0.022398,0.007156
2026-03-12,AKRA,0.029567,0.023406,0.006161
2026-03-13,AKRA,0.030707,0.024172,0.006535
2026-03-16,AKRA,0.030898,0.024485,0.006413
2026-03-17,AKRA,0.032759,0.022942,0.009817
2026-03-25,AKRA,0.032669,0.022444,0.010225
2026-03-26,AKRA,0.032917,0.022229,0.010688
2026-03-27,AKRA,0.034676,0.021291,0.013385
2026-03-30,AKRA,0.034524,0.020708,0.013816
2026-03-31,AKRA,0.036123,0.020708,0.015415
2026-04-01,AKRA,0.034566,0.020269,0.014297
2026-04-02,AKRA,0.034082,0.020269,0.013813
2026-04-06,AKRA,0.033977,0.020245,0.013732
2026-04-07,AKRA,0.033007,0.020245,0.012762
2026-04-08,AKRA,0.026587,0.020245,0.006341
2026-04-09,AKRA,0.025675,0.020361,0.005315
2026-04-10,AKRA,0.026367,0.020115,0.006252
2026-04-13,AKRA,0.026405,0.020231,0.006175
2026-04-14,AKRA,0.026409,0.020115,0.006294
2026-04-15,AKRA,0.027165,0.020115,0.00705
2026-04-16,AKRA,0.027328,0.020115,0.007212
2026-04-17,AKRA,0.027335,0.020115,0.007219
2026-04-20,AKRA,0.027168,0.020115,0.007053
2026-04-21,AKRA,0.026674,0.020115,0.006559
2026-04-22,AKRA,0.024756,0.020115,0.004641
2026-04-23,AKRA,0.024883,0.020008,0.004875
2026-04-24,AKRA,0.026918,0.020008,0.00691
2026-04-27,AKRA,0.025492,0.020008,0.005484
2026-04-28,AKRA,0.025221,0.020008,0.005213
2026-04-29,AKRA,0.022635,0.020008,0.002627
2026-04-30,AKRA,0.022847,0.020008,0.002839
2026-05-04,AKRA,0.023856,0.020008,0.003848
2026-05-05,AKRA,0.021537,0.020008,0.001529
2026-05-06,AKRA,0.021771,0.020008,0.001763
2026-05-07,AKRA,0.022516,0.020243,0.002273
2026-05-08,AKRA,0.023037,0.020981,0.002056
2026-05-11,AKRA,0.02193,0.022168,0.000238
2026-05-12,AKRA,0.022749,0.022168,0.000581
2026-05-13,AKRA,0.021959,0.022168,0.000209
2026-05-14,AKRA,0.02118,0.022168,0.000988
