Tanggal,Kode_Emiten,Volatilitas_Aktual,Volatilitas_Pred_XGB_Sentimen_t1,Error_Abs
2025-02-13,ADRO,0.018199,0.025908,0.007709
2025-02-14,ADRO,0.01825,0.025908,0.007658
2025-02-17,ADRO,0.018229,0.025908,0.007679
2025-02-18,ADRO,0.01823,0.025908,0.007678
2025-02-19,ADRO,0.018305,0.025908,0.007603
2025-02-20,ADRO,0.018072,0.026098,0.008027
2025-02-21,ADRO,0.018077,0.025908,0.007831
2025-02-24,ADRO,0.019837,0.025908,0.006071
2025-02-25,ADRO,0.019756,0.026098,0.006342
2025-02-26,ADRO,0.019999,0.025908,0.005909
2025-02-27,ADRO,0.019583,0.026098,0.006516
2025-02-28,ADRO,0.019592,0.026098,0.006506
2025-03-03,ADRO,0.024018,0.026098,0.002081
2025-03-04,ADRO,0.023451,0.026098,0.002647
2025-03-05,ADRO,0.029959,0.026098,0.003861
2025-03-06,ADRO,0.03026,0.026098,0.004161
2025-03-07,ADRO,0.03107,0.026098,0.004972
2025-03-10,ADRO,0.03135,0.026444,0.004906
2025-03-11,ADRO,0.029282,0.026444,0.002838
2025-03-12,ADRO,0.029526,0.026095,0.003432
2025-03-13,ADRO,0.029422,0.026098,0.003323
2025-03-14,ADRO,0.028848,0.026098,0.002749
2025-03-17,ADRO,0.028842,0.026098,0.002743
2025-03-18,ADRO,0.02898,0.026098,0.002881
2025-03-19,ADRO,0.028954,0.026098,0.002855
2025-03-20,ADRO,0.02904,0.026098,0.002942
2025-03-21,ADRO,0.029123,0.026098,0.003025
2025-03-24,ADRO,0.02825,0.026098,0.002151
2025-03-25,ADRO,0.031396,0.026098,0.005297
2025-03-26,ADRO,0.031325,0.026098,0.005227
2025-03-27,ADRO,0.039624,0.026098,0.013525
2025-04-08,ADRO,0.039756,0.026098,0.013658
2025-04-09,ADRO,0.03811,0.026098,0.012012
2025-04-10,ADRO,0.03825,0.026098,0.012152
2025-04-11,ADRO,0.034225,0.026098,0.008126
2025-04-14,ADRO,0.034486,0.026444,0.008042
2025-04-15,ADRO,0.033304,0.026098,0.007205
2025-04-16,ADRO,0.032473,0.026098,0.006374
2025-04-17,ADRO,0.032485,0.026098,0.006387
2025-04-21,ADRO,0.033771,0.025908,0.007863
2025-04-22,ADRO,0.033255,0.026098,0.007156
2025-04-23,ADRO,0.033368,0.026098,0.00727
2025-04-24,ADRO,0.033234,0.026098,0.007135
2025-04-25,ADRO,0.033285,0.026098,0.007187
2025-04-28,ADRO,0.033285,0.026095,0.007191
2025-04-29,ADRO,0.033285,0.026098,0.007187
2025-04-30,ADRO,0.032598,0.026098,0.006499
2025-05-02,ADRO,0.032793,0.026098,0.006694
2025-05-05,ADRO,0.03067,0.026098,0.004572
2025-05-06,ADRO,0.030792,0.026098,0.004694
2025-05-07,ADRO,0.014326,0.026098,0.011773
2025-05-08,ADRO,0.015661,0.026098,0.010437
2025-05-09,ADRO,0.015826,0.025908,0.010082
2025-05-14,ADRO,0.015866,0.026098,0.010233
2025-05-15,ADRO,0.029034,0.026098,0.002936
2025-05-16,ADRO,0.032565,0.026098,0.006466
2025-05-19,ADRO,0.035261,0.026098,0.009162
2025-05-20,ADRO,0.035975,0.026095,0.00988
2025-05-21,ADRO,0.036082,0.026098,0.009984
2025-05-22,ADRO,0.035946,0.026444,0.009501
2025-05-23,ADRO,0.035676,0.026444,0.009231
2025-05-26,ADRO,0.040457,0.026444,0.014013
2025-05-27,ADRO,0.041967,0.026444,0.015522
2025-05-28,ADRO,0.042907,0.026098,0.016808
2025-06-02,ADRO,0.043123,0.026098,0.017025
2025-06-03,ADRO,0.043123,0.026098,0.017025
2025-06-04,ADRO,0.043024,0.026444,0.016579
2025-06-05,ADRO,0.042864,0.026444,0.01642
2025-06-10,ADRO,0.042863,0.026444,0.016419
2025-06-11,ADRO,0.04285,0.026098,0.016752
2025-06-12,ADRO,0.042942,0.026095,0.016848
2025-06-13,ADRO,0.042452,0.026098,0.016354
2025-06-16,ADRO,0.042101,0.026444,0.015657
2025-06-17,ADRO,0.042156,0.025908,0.016247
2025-06-18,ADRO,0.034145,0.026444,0.007701
2025-06-19,ADRO,0.029571,0.026444,0.003127
2025-06-20,ADRO,0.028596,0.026098,0.002498
2025-06-23,ADRO,0.028487,0.026098,0.002388
2025-06-24,ADRO,0.028614,0.026098,0.002516
2025-06-25,ADRO,0.028331,0.026098,0.002233
2025-06-26,ADRO,0.028918,0.026444,0.002474
2025-06-30,ADRO,0.018714,0.026098,0.007385
2025-07-01,ADRO,0.017932,0.026098,0.008167
2025-07-02,ADRO,0.016896,0.026098,0.009202
2025-07-03,ADRO,0.016777,0.026098,0.009321
2025-07-04,ADRO,0.016756,0.026098,0.009343
2025-07-07,ADRO,0.016512,0.025908,0.009396
2025-07-08,ADRO,0.016523,0.026098,0.009576
2025-07-09,ADRO,0.021428,0.026098,0.004671
2025-07-10,ADRO,0.021847,0.026098,0.004251
2025-07-11,ADRO,0.021661,0.026098,0.004438
2025-07-14,ADRO,0.021599,0.026098,0.004499
2025-07-15,ADRO,0.021974,0.025908,0.003934
2025-07-16,ADRO,0.021976,0.026098,0.004123
2025-07-17,ADRO,0.020922,0.026098,0.005176
2025-07-18,ADRO,0.020475,0.025908,0.005433
2025-07-21,ADRO,0.020828,0.026098,0.005271
2025-07-22,ADRO,0.021457,0.026098,0.004642
2025-07-23,ADRO,0.02181,0.026098,0.004288
2025-07-24,ADRO,0.023244,0.026098,0.002854
2025-07-25,ADRO,0.022831,0.026098,0.003267
2025-07-28,ADRO,0.022854,0.026444,0.00359
2025-07-29,ADRO,0.021747,0.026095,0.004347
2025-07-30,ADRO,0.022632,0.026098,0.003466
2025-07-31,ADRO,0.022629,0.026098,0.00347
2025-08-01,ADRO,0.02271,0.025908,0.003198
2025-08-04,ADRO,0.023286,0.026098,0.002813
2025-08-05,ADRO,0.023283,0.026098,0.002815
2025-08-06,ADRO,0.019755,0.025908,0.006153
2025-08-07,ADRO,0.021744,0.025908,0.004165
2025-08-08,ADRO,0.021282,0.026098,0.004817
2025-08-11,ADRO,0.022113,0.026098,0.003985
2025-08-12,ADRO,0.022239,0.026098,0.00386
2025-08-13,ADRO,0.022239,0.026098,0.00386
2025-08-14,ADRO,0.022538,0.026095,0.003556
2025-08-15,ADRO,0.021597,0.026098,0.004501
2025-08-19,ADRO,0.019104,0.026098,0.006994
2025-08-20,ADRO,0.017755,0.026098,0.008344
2025-08-21,ADRO,0.017351,0.026098,0.008748
2025-08-22,ADRO,0.016663,0.026098,0.009436
2025-08-25,ADRO,0.016505,0.026098,0.009594
2025-08-26,ADRO,0.019307,0.026098,0.006791
2025-08-27,ADRO,0.019596,0.026098,0.006502
2025-08-28,ADRO,0.018876,0.026098,0.007223
2025-08-29,ADRO,0.019086,0.026444,0.007358
2025-09-01,ADRO,0.018365,0.026444,0.00808
2025-09-02,ADRO,0.018222,0.026444,0.008222
2025-09-03,ADRO,0.018816,0.026098,0.007282
2025-09-04,ADRO,0.019235,0.026444,0.007209
2025-09-08,ADRO,0.017332,0.026098,0.008766
2025-09-09,ADRO,0.017031,0.026098,0.009068
2025-09-10,ADRO,0.015416,0.026098,0.010683
2025-09-11,ADRO,0.015193,0.026444,0.011251
2025-09-12,ADRO,0.015212,0.026444,0.011232
2025-09-15,ADRO,0.015281,0.026098,0.010818
2025-09-16,ADRO,0.015896,0.026098,0.010202
2025-09-17,ADRO,0.016204,0.026098,0.009894
2025-09-18,ADRO,0.016547,0.026098,0.009552
2025-09-19,ADRO,0.016546,0.026098,0.009552
2025-09-22,ADRO,0.021082,0.026444,0.005362
2025-09-23,ADRO,0.021445,0.026098,0.004653
2025-09-24,ADRO,0.019303,0.026098,0.006795
2025-09-25,ADRO,0.019099,0.026098,0.006999
2025-09-26,ADRO,0.019383,0.026098,0.006716
2025-09-29,ADRO,0.019401,0.026444,0.007043
2025-09-30,ADRO,0.019555,0.026095,0.00654
2025-10-01,ADRO,0.019484,0.026098,0.006614
2025-10-02,ADRO,0.01898,0.026098,0.007118
2025-10-03,ADRO,0.018385,0.026098,0.007713
2025-10-06,ADRO,0.017861,0.026098,0.008238
2025-10-07,ADRO,0.031403,0.026098,0.005304
2025-10-08,ADRO,0.035257,0.026098,0.009159
2025-10-09,ADRO,0.03528,0.026098,0.009181
2025-10-10,ADRO,0.035463,0.026098,0.009364
2025-10-13,ADRO,0.035308,0.026098,0.00921
2025-10-14,ADRO,0.035342,0.026444,0.008898
2025-10-15,ADRO,0.034999,0.026444,0.008555
2025-10-16,ADRO,0.03501,0.026444,0.008566
2025-10-17,ADRO,0.035531,0.026444,0.009086
2025-10-20,ADRO,0.035915,0.026444,0.009471
2025-10-21,ADRO,0.035903,0.026098,0.009805
2025-10-22,ADRO,0.035923,0.026098,0.009825
2025-10-23,ADRO,0.035982,0.026098,0.009884
2025-10-24,ADRO,0.035973,0.026098,0.009875
2025-10-27,ADRO,0.035597,0.026444,0.009153
2025-10-28,ADRO,0.03941,0.026095,0.013316
2025-10-29,ADRO,0.039519,0.026098,0.013421
2025-10-30,ADRO,0.041484,0.026098,0.015385
2025-10-31,ADRO,0.041714,0.026095,0.015619
2025-11-03,ADRO,0.04206,0.026098,0.015962
2025-11-04,ADRO,0.033713,0.026444,0.007269
2025-11-05,ADRO,0.029758,0.026444,0.003314
2025-11-06,ADRO,0.029776,0.026444,0.003332
2025-11-07,ADRO,0.029415,0.026444,0.002971
2025-11-10,ADRO,0.02924,0.026098,0.003141
2025-11-11,ADRO,0.028799,0.026444,0.002355
2025-11-12,ADRO,0.029286,0.026444,0.002842
2025-11-13,ADRO,0.029834,0.026444,0.00339
2025-11-14,ADRO,0.029537,0.026444,0.003093
2025-11-17,ADRO,0.02666,0.026444,0.000215
2025-11-18,ADRO,0.026597,0.026098,0.000499
2025-11-19,ADRO,0.026701,0.026098,0.000603
2025-11-20,ADRO,0.026768,0.026444,0.000324
2025-11-21,ADRO,0.026641,0.026098,0.000543
2025-11-24,ADRO,0.026801,0.026098,0.000702
2025-11-25,ADRO,0.019367,0.026098,0.006732
2025-11-26,ADRO,0.018744,0.026098,0.007355
2025-11-27,ADRO,0.015522,0.026098,0.010576
2025-11-28,ADRO,0.013879,0.026098,0.01222
2025-12-01,ADRO,0.013748,0.026098,0.01235
2025-12-02,ADRO,0.013757,0.026098,0.012342
2025-12-03,ADRO,0.013906,0.025645,0.011739
2025-12-04,ADRO,0.013474,0.026098,0.012625
2025-12-05,ADRO,0.017284,0.026098,0.008814
2025-12-08,ADRO,0.018814,0.026098,0.007285
2025-12-09,ADRO,0.018645,0.026098,0.007453
2025-12-10,ADRO,0.019161,0.026098,0.006937
2025-12-11,ADRO,0.018446,0.026098,0.007653
2025-12-12,ADRO,0.019033,0.026444,0.007411
2025-12-15,ADRO,0.018883,0.026098,0.007216
2025-12-16,ADRO,0.01819,0.026098,0.007908
2025-12-17,ADRO,0.021123,0.026095,0.004971
2025-12-18,ADRO,0.020675,0.026098,0.005424
2025-12-19,ADRO,0.020683,0.026098,0.005415
2025-12-22,ADRO,0.020534,0.026098,0.005564
2025-12-23,ADRO,0.020585,0.026098,0.005514
2025-12-24,ADRO,0.020872,0.026444,0.005572
2025-12-29,ADRO,0.020859,0.026444,0.005585
2025-12-30,ADRO,0.020859,0.026098,0.005239
2026-01-02,ADRO,0.020859,0.026098,0.005239
2026-01-05,ADRO,0.020968,0.026098,0.00513
2026-01-06,ADRO,0.025325,0.026444,0.001119
2026-01-07,ADRO,0.025281,0.026095,0.000814
2026-01-08,ADRO,0.024512,0.026098,0.001587
2026-01-09,ADRO,0.022421,0.02916,0.006739
2026-01-12,ADRO,0.024872,0.02916,0.004288
2026-01-13,ADRO,0.024769,0.02916,0.004391
2026-01-14,ADRO,0.024769,0.02916,0.004391
2026-01-15,ADRO,0.026381,0.02916,0.002779
2026-01-19,ADRO,0.026103,0.02916,0.003057
2026-01-20,ADRO,0.026052,0.02916,0.003108
2026-01-21,ADRO,0.025673,0.02916,0.003487
2026-01-22,ADRO,0.025477,0.02916,0.003683
2026-01-23,ADRO,0.025538,0.02916,0.003622
2026-01-26,ADRO,0.028619,0.02916,0.000541
2026-01-27,ADRO,0.030304,0.02916,0.001144
2026-01-28,ADRO,0.030072,0.02916,0.000912
2026-01-29,ADRO,0.030244,0.02916,0.001084
2026-01-30,ADRO,0.031678,0.02916,0.002518
2026-02-02,ADRO,0.031679,0.02916,0.002519
2026-02-03,ADRO,0.031683,0.02916,0.002523
2026-02-04,ADRO,0.029006,0.02916,0.000154
2026-02-05,ADRO,0.02906,0.02916,0.0001
2026-02-06,ADRO,0.028544,0.02916,0.000616
2026-02-09,ADRO,0.028357,0.02916,0.000803
2026-02-10,ADRO,0.024893,0.02916,0.004267
2026-02-11,ADRO,0.024188,0.02916,0.004972
2026-02-12,ADRO,0.024188,0.02916,0.004972
2026-02-13,ADRO,0.023494,0.027257,0.003762
2026-02-18,ADRO,0.022934,0.02916,0.006226
2026-02-19,ADRO,0.022866,0.02916,0.006294
2026-02-20,ADRO,0.02114,0.02916,0.00802
2026-02-23,ADRO,0.020667,0.02916,0.008493
2026-02-24,ADRO,0.022223,0.02916,0.006937
2026-02-25,ADRO,0.020528,0.02916,0.008632
2026-02-26,ADRO,0.018724,0.027257,0.008533
2026-02-27,ADRO,0.019649,0.027257,0.007608
2026-03-02,ADRO,0.020051,0.02916,0.009109
2026-03-03,ADRO,0.019722,0.02916,0.009438
2026-03-04,ADRO,0.019776,0.02916,0.009384
2026-03-05,ADRO,0.020105,0.02916,0.009055
2026-03-06,ADRO,0.018575,0.02916,0.010585
2026-03-09,ADRO,0.018281,0.02916,0.010879
2026-03-10,ADRO,0.018311,0.02916,0.010849
2026-03-11,ADRO,0.022165,0.02916,0.006995
2026-03-12,ADRO,0.022087,0.02916,0.007073
2026-03-13,ADRO,0.022595,0.02916,0.006565
2026-03-16,ADRO,0.022568,0.027257,0.004689
2026-03-17,ADRO,0.026942,0.027257,0.000315
2026-03-25,ADRO,0.027371,0.02916,0.001789
2026-03-26,ADRO,0.027764,0.02916,0.001396
2026-03-27,ADRO,0.028364,0.027257,0.001107
2026-03-30,ADRO,0.028453,0.02916,0.000707
2026-03-31,ADRO,0.029066,0.02916,9.4e-05
2026-04-01,ADRO,0.028522,0.02916,0.000638
2026-04-02,ADRO,0.028499,0.027257,0.001242
2026-04-06,ADRO,0.029435,0.027257,0.002178
2026-04-07,ADRO,0.028886,0.027257,0.001629
2026-04-08,ADRO,0.028158,0.02916,0.001002
2026-04-09,ADRO,0.028156,0.02916,0.001004
2026-04-10,ADRO,0.02821,0.027257,0.000953
2026-04-13,ADRO,0.027902,0.02916,0.001258
2026-04-14,ADRO,0.028422,0.02916,0.000738
2026-04-15,ADRO,0.028237,0.027257,0.00098
2026-04-16,ADRO,0.025025,0.027257,0.002232
2026-04-17,ADRO,0.025112,0.027257,0.002145
2026-04-20,ADRO,0.024973,0.02916,0.004187
2026-04-21,ADRO,0.025012,0.02916,0.004148
2026-04-22,ADRO,0.018927,0.027257,0.00833
2026-04-23,ADRO,0.018509,0.027257,0.008748
2026-04-24,ADRO,0.018203,0.02916,0.010957
2026-04-27,ADRO,0.01676,0.027257,0.010497
2026-04-28,ADRO,0.016722,0.027257,0.010535
2026-04-29,ADRO,0.016082,0.027257,0.011175
2026-04-30,ADRO,0.016265,0.027257,0.010992
2026-05-04,ADRO,0.016265,0.027257,0.010992
2026-05-05,ADRO,0.01274,0.027257,0.014517
2026-05-06,ADRO,0.013282,0.027257,0.013975
2026-05-07,ADRO,0.013278,0.02916,0.015882
2026-05-08,ADRO,0.013859,0.027257,0.013398
2026-05-11,ADRO,0.018633,0.027257,0.008623
2026-05-12,ADRO,0.019986,0.027257,0.007271
2026-05-13,ADRO,0.019155,0.02916,0.010005
2026-05-14,ADRO,0.019106,0.02916,0.010054
2025-07-11,ADMR,0.030005,0.028299,0.001706
2025-07-14,ADMR,0.028899,0.02894,4.1e-05
2025-07-15,ADMR,0.028833,0.028398,0.000435
2025-07-16,ADMR,0.028252,0.027696,0.000556
2025-07-17,ADMR,0.027857,0.028762,0.000905
2025-07-18,ADMR,0.028277,0.028778,0.000501
2025-07-21,ADMR,0.033147,0.028926,0.004222
2025-07-22,ADMR,0.042107,0.032863,0.009243
2025-07-23,ADMR,0.042065,0.036083,0.005982
2025-07-24,ADMR,0.042243,0.041228,0.001015
2025-07-25,ADMR,0.042769,0.036859,0.00591
2025-07-28,ADMR,0.042981,0.036125,0.006856
2025-07-29,ADMR,0.040401,0.041298,0.000897
2025-07-30,ADMR,0.039631,0.042061,0.00243
2025-07-31,ADMR,0.039564,0.039429,0.000135
2025-08-01,ADMR,0.038775,0.038946,0.00017
2025-08-04,ADMR,0.038948,0.040484,0.001536
2025-08-05,ADMR,0.039045,0.039909,0.000864
2025-08-06,ADMR,0.037033,0.037894,0.000861
2025-08-07,ADMR,0.03728,0.0389,0.00162
2025-08-08,ADMR,0.036961,0.036611,0.000349
2025-08-11,ADMR,0.036985,0.038031,0.001046
2025-08-12,ADMR,0.039084,0.035884,0.0032
2025-08-13,ADMR,0.039121,0.038014,0.001107
2025-08-14,ADMR,0.039906,0.039488,0.000418
2025-08-15,ADMR,0.039532,0.036313,0.003219
2025-08-19,ADMR,0.035647,0.030761,0.004886
2025-08-20,ADMR,0.021315,0.032651,0.011336
2025-08-21,ADMR,0.021,0.032683,0.011683
2025-08-22,ADMR,0.021062,0.029945,0.008883
2025-08-25,ADMR,0.020989,0.0293,0.008312
2025-08-26,ADMR,0.021166,0.02866,0.007494
2025-08-27,ADMR,0.020794,0.03041,0.009616
2025-08-28,ADMR,0.020826,0.029016,0.008189
2025-08-29,ADMR,0.020909,0.028905,0.007996
2025-09-01,ADMR,0.020586,0.028222,0.007636
2025-09-02,ADMR,0.02207,0.027915,0.005844
2025-09-03,ADMR,0.02209,0.029293,0.007203
2025-09-04,ADMR,0.020923,0.029709,0.008786
2025-09-08,ADMR,0.020631,0.02978,0.009148
2025-09-09,ADMR,0.020931,0.029326,0.008395
2025-09-10,ADMR,0.02092,0.026995,0.006075
2025-09-11,ADMR,0.018042,0.028551,0.010508
2025-09-12,ADMR,0.02041,0.028418,0.008008
2025-09-15,ADMR,0.018518,0.029096,0.010578
2025-09-16,ADMR,0.018517,0.028776,0.010259
2025-09-17,ADMR,0.016873,0.029113,0.01224
2025-09-18,ADMR,0.016549,0.028133,0.011584
2025-09-19,ADMR,0.016552,0.028958,0.012406
2025-09-22,ADMR,0.01912,0.028485,0.009364
2025-09-23,ADMR,0.019655,0.030686,0.011031
2025-09-24,ADMR,0.019385,0.030745,0.01136
2025-09-25,ADMR,0.019268,0.029814,0.010546
2025-09-26,ADMR,0.022271,0.029838,0.007567
2025-09-29,ADMR,0.022452,0.032275,0.009823
2025-09-30,ADMR,0.022589,0.033128,0.010539
2025-10-01,ADMR,0.022235,0.03325,0.011016
2025-10-02,ADMR,0.022292,0.033337,0.011045
2025-10-03,ADMR,0.021556,0.032613,0.011057
2025-10-06,ADMR,0.021303,0.034476,0.013173
2025-10-07,ADMR,0.052979,0.031607,0.021372
2025-10-08,ADMR,0.055379,0.035803,0.019577
2025-10-09,ADMR,0.055939,0.043126,0.012813
2025-10-10,ADMR,0.055769,0.05074,0.005029
2025-10-13,ADMR,0.055892,0.052607,0.003285
2025-10-14,ADMR,0.058104,0.053605,0.004498
2025-10-15,ADMR,0.05812,0.061857,0.003736
2025-10-16,ADMR,0.062886,0.055045,0.007841
2025-10-17,ADMR,0.063619,0.054328,0.009291
2025-10-20,ADMR,0.065269,0.050818,0.014451
2025-10-21,ADMR,0.066367,0.042631,0.023737
2025-10-22,ADMR,0.066277,0.039969,0.026309
2025-10-23,ADMR,0.066527,0.033437,0.03309
2025-10-24,ADMR,0.067495,0.035624,0.031871
2025-10-27,ADMR,0.067057,0.033987,0.03307
2025-10-28,ADMR,0.067294,0.037504,0.02979
2025-10-29,ADMR,0.067782,0.038409,0.029373
2025-10-30,ADMR,0.069161,0.040639,0.028522
2025-10-31,ADMR,0.06934,0.039342,0.029999
2025-11-03,ADMR,0.069298,0.042312,0.026987
2025-11-04,ADMR,0.0485,0.040609,0.007892
2025-11-05,ADMR,0.046636,0.042235,0.004401
2025-11-06,ADMR,0.045204,0.033218,0.011986
2025-11-07,ADMR,0.045336,0.032992,0.012345
2025-11-10,ADMR,0.045848,0.028722,0.017126
2025-11-11,ADMR,0.043714,0.031161,0.012553
2025-11-12,ADMR,0.043644,0.028654,0.014991
2025-11-13,ADMR,0.037589,0.029579,0.00801
2025-11-14,ADMR,0.035986,0.029867,0.00612
2025-11-17,ADMR,0.031034,0.02819,0.002844
2025-11-18,ADMR,0.029428,0.029078,0.00035
2025-11-19,ADMR,0.029019,0.026145,0.002874
2025-11-20,ADMR,0.029278,0.025054,0.004224
2025-11-21,ADMR,0.023349,0.022618,0.000731
2025-11-24,ADMR,0.023121,0.022458,0.000663
2025-11-25,ADMR,0.020501,0.022143,0.001642
2025-11-26,ADMR,0.020796,0.02236,0.001564
2025-11-27,ADMR,0.018353,0.021852,0.003499
2025-11-28,ADMR,0.018313,0.0223,0.003986
2025-12-01,ADMR,0.020217,0.022273,0.002056
2025-12-02,ADMR,0.020141,0.023996,0.003855
2025-12-03,ADMR,0.019357,0.022842,0.003486
2025-12-04,ADMR,0.019679,0.023521,0.003842
2025-12-05,ADMR,0.03265,0.02284,0.009811
2025-12-08,ADMR,0.033363,0.02647,0.006893
2025-12-09,ADMR,0.033623,0.030347,0.003276
2025-12-10,ADMR,0.033955,0.02913,0.004824
2025-12-11,ADMR,0.033698,0.030757,0.002941
2025-12-12,ADMR,0.033693,0.035053,0.00136
2025-12-15,ADMR,0.033011,0.036287,0.003276
2025-12-16,ADMR,0.033179,0.033757,0.000579
2025-12-17,ADMR,0.033774,0.029568,0.004206
2025-12-18,ADMR,0.033736,0.032988,0.000747
2025-12-19,ADMR,0.034658,0.028678,0.00598
2025-12-22,ADMR,0.034905,0.029108,0.005796
2025-12-23,ADMR,0.034902,0.028749,0.006154
2025-12-24,ADMR,0.046305,0.029232,0.017073
2025-12-29,ADMR,0.046979,0.031703,0.015275
2025-12-30,ADMR,0.047708,0.030349,0.017359
2026-01-02,ADMR,0.047511,0.031601,0.015909
2026-01-05,ADMR,0.050476,0.031479,0.018997
2026-01-06,ADMR,0.050069,0.03608,0.01399
2026-01-07,ADMR,0.054857,0.039751,0.015106
2026-01-08,ADMR,0.049723,0.039831,0.009892
2026-01-09,ADMR,0.052069,0.042163,0.009906
2026-01-12,ADMR,0.052232,0.043973,0.00826
2026-01-13,ADMR,0.051574,0.045967,0.005606
2026-01-14,ADMR,0.051634,0.040318,0.011316
2026-01-15,ADMR,0.052148,0.039494,0.012654
2026-01-19,ADMR,0.052975,0.035633,0.017342
2026-01-20,ADMR,0.05408,0.037435,0.016645
2026-01-21,ADMR,0.054979,0.037391,0.017588
2026-01-22,ADMR,0.054276,0.034766,0.01951
2026-01-23,ADMR,0.054468,0.038749,0.015719
2026-01-26,ADMR,0.054859,0.036741,0.018118
2026-01-27,ADMR,0.058085,0.038554,0.019531
2026-01-28,ADMR,0.050232,0.041426,0.008806
2026-01-29,ADMR,0.051945,0.042009,0.009937
2026-01-30,ADMR,0.054108,0.043523,0.010586
2026-02-02,ADMR,0.054238,0.040882,0.013356
2026-02-03,ADMR,0.050398,0.042182,0.008216
2026-02-04,ADMR,0.052226,0.046837,0.005389
2026-02-05,ADMR,0.049406,0.045835,0.003571
2026-02-06,ADMR,0.049628,0.039388,0.010239
2026-02-09,ADMR,0.045207,0.038572,0.006635
2026-02-10,ADMR,0.044773,0.0333,0.011473
2026-02-11,ADMR,0.044631,0.031945,0.012685
2026-02-12,ADMR,0.045129,0.03417,0.010959
2026-02-13,ADMR,0.046489,0.032261,0.014228
2026-02-18,ADMR,0.044841,0.031882,0.012959
2026-02-19,ADMR,0.044523,0.036453,0.008069
2026-02-20,ADMR,0.040451,0.032258,0.008193
2026-02-23,ADMR,0.039163,0.032152,0.007012
2026-02-24,ADMR,0.042048,0.036231,0.005817
2026-02-25,ADMR,0.042263,0.039882,0.002381
2026-02-26,ADMR,0.039731,0.040552,0.000821
2026-02-27,ADMR,0.03973,0.034118,0.005612
2026-03-02,ADMR,0.037415,0.038645,0.001231
2026-03-03,ADMR,0.036204,0.042249,0.006045
2026-03-04,ADMR,0.035903,0.043277,0.007374
2026-03-05,ADMR,0.036184,0.039022,0.002838
2026-03-06,ADMR,0.033068,0.039273,0.006205
2026-03-09,ADMR,0.031852,0.038981,0.007129
2026-03-10,ADMR,0.033792,0.037722,0.00393
2026-03-11,ADMR,0.0318,0.03603,0.00423
2026-03-12,ADMR,0.032157,0.027997,0.00416
2026-03-13,ADMR,0.033045,0.029025,0.00402
2026-03-16,ADMR,0.033905,0.028645,0.00526
2026-03-17,ADMR,0.03223,0.028343,0.003887
2026-03-25,ADMR,0.032194,0.030996,0.001197
2026-03-26,ADMR,0.03199,0.028384,0.003606
2026-03-27,ADMR,0.03248,0.0283,0.00418
2026-03-30,ADMR,0.031815,0.02993,0.001885
2026-03-31,ADMR,0.028365,0.028238,0.000127
2026-04-01,ADMR,0.0311,0.030829,0.000272
2026-04-02,ADMR,0.031733,0.034623,0.00289
2026-04-06,ADMR,0.033092,0.036477,0.003385
2026-04-07,ADMR,0.034452,0.039284,0.004832
2026-04-08,ADMR,0.032478,0.041754,0.009276
2026-04-09,ADMR,0.032628,0.041389,0.008761
2026-04-10,ADMR,0.033605,0.041157,0.007552
2026-04-13,ADMR,0.034786,0.039917,0.00513
2026-04-14,ADMR,0.035073,0.037388,0.002315
2026-04-15,ADMR,0.032928,0.035771,0.002844
2026-04-16,ADMR,0.032879,0.030719,0.00216
2026-04-17,ADMR,0.032299,0.0309,0.0014
2026-04-20,ADMR,0.031727,0.031699,2.8e-05
2026-04-21,ADMR,0.029729,0.030749,0.00102
2026-04-22,ADMR,0.029117,0.030556,0.00144
2026-04-23,ADMR,0.028736,0.025724,0.003012
2026-04-24,ADMR,0.028586,0.025639,0.002947
2026-04-27,ADMR,0.027902,0.029726,0.001824
2026-04-28,ADMR,0.027798,0.026586,0.001212
2026-04-29,ADMR,0.027597,0.028437,0.00084
2026-04-30,ADMR,0.02415,0.028227,0.004077
2026-05-04,ADMR,0.022679,0.029772,0.007093
2026-05-05,ADMR,0.01831,0.029861,0.011551
2026-05-06,ADMR,0.017183,0.029246,0.012063
2026-05-07,ADMR,0.018128,0.029095,0.010966
2026-05-08,ADMR,0.018868,0.028954,0.010086
2026-05-11,ADMR,0.018039,0.028686,0.010647
2026-05-12,ADMR,0.016634,0.02774,0.011106
2026-05-13,ADMR,0.015741,0.027873,0.012132
2026-05-14,ADMR,0.015726,0.027029,0.011302
2025-02-13,ITMG,0.010673,0.010849,0.000176
2025-02-14,ITMG,0.010269,0.010857,0.000588
2025-02-17,ITMG,0.010027,0.010833,0.000806
2025-02-18,ITMG,0.009989,0.011366,0.001376
2025-02-19,ITMG,0.010667,0.011216,0.000549
2025-02-20,ITMG,0.010441,0.010695,0.000254
2025-02-21,ITMG,0.009978,0.010954,0.000976
2025-02-24,ITMG,0.010359,0.010612,0.000253
2025-02-25,ITMG,0.01038,0.010672,0.000291
2025-02-26,ITMG,0.010101,0.011335,0.001234
2025-02-27,ITMG,0.014129,0.011727,0.002402
2025-02-28,ITMG,0.014454,0.013488,0.000966
2025-03-03,ITMG,0.016571,0.014602,0.001969
2025-03-04,ITMG,0.016561,0.016876,0.000315
2025-03-05,ITMG,0.01646,0.01767,0.001211
2025-03-06,ITMG,0.016446,0.017836,0.00139
2025-03-07,ITMG,0.016221,0.019418,0.003198
2025-03-10,ITMG,0.016247,0.016729,0.000482
2025-03-11,ITMG,0.016779,0.017491,0.000712
2025-03-12,ITMG,0.016841,0.016235,0.000607
2025-03-13,ITMG,0.016716,0.016486,0.000231
2025-03-14,ITMG,0.016566,0.017035,0.00047
2025-03-17,ITMG,0.016703,0.016439,0.000265
2025-03-18,ITMG,0.016955,0.016138,0.000817
2025-03-19,ITMG,0.017114,0.016393,0.000721
2025-03-20,ITMG,0.017306,0.015348,0.001958
2025-03-21,ITMG,0.01792,0.01492,0.003
2025-03-24,ITMG,0.019257,0.015342,0.003915
2025-03-25,ITMG,0.02018,0.016447,0.003733
2025-03-26,ITMG,0.020072,0.015817,0.004254
2025-03-27,ITMG,0.020518,0.016465,0.004053
2025-04-08,ITMG,0.022741,0.02277,3e-05
2025-04-09,ITMG,0.021531,0.023946,0.002415
2025-04-10,ITMG,0.021516,0.023318,0.001802
2025-04-11,ITMG,0.025018,0.021814,0.003204
2025-04-14,ITMG,0.025022,0.023538,0.001484
2025-04-15,ITMG,0.025037,0.025371,0.000335
2025-04-16,ITMG,0.02508,0.025034,4.6e-05
2025-04-17,ITMG,0.0246,0.023023,0.001577
2025-04-21,ITMG,0.024611,0.022499,0.002112
2025-04-22,ITMG,0.024401,0.024106,0.000295
2025-04-23,ITMG,0.024472,0.024709,0.000237
2025-04-24,ITMG,0.023946,0.02307,0.000876
2025-04-25,ITMG,0.023961,0.023026,0.000935
2025-04-28,ITMG,0.023914,0.020592,0.003322
2025-04-29,ITMG,0.02341,0.017851,0.005559
2025-04-30,ITMG,0.022328,0.018149,0.004179
2025-05-02,ITMG,0.021773,0.017336,0.004437
2025-05-05,ITMG,0.02141,0.015242,0.006168
2025-05-06,ITMG,0.021397,0.015903,0.005493
2025-05-07,ITMG,0.017651,0.015326,0.002324
2025-05-08,ITMG,0.015363,0.015803,0.00044
2025-05-09,ITMG,0.01509,0.014873,0.000217
2025-05-14,ITMG,0.015106,0.016209,0.001103
2025-05-15,ITMG,0.007767,0.016307,0.00854
2025-05-16,ITMG,0.007936,0.016955,0.009019
2025-05-19,ITMG,0.009274,0.016664,0.00739
2025-05-20,ITMG,0.009373,0.017511,0.008138
2025-05-21,ITMG,0.008516,0.01859,0.010075
2025-05-22,ITMG,0.008571,0.01714,0.008568
2025-05-23,ITMG,0.008634,0.017567,0.008933
2025-05-26,ITMG,0.008267,0.016947,0.00868
2025-05-27,ITMG,0.008267,0.017577,0.00931
2025-05-28,ITMG,0.009066,0.016589,0.007523
2025-06-02,ITMG,0.009066,0.017294,0.008228
2025-06-03,ITMG,0.00909,0.01716,0.00807
2025-06-04,ITMG,0.009141,0.016325,0.007184
2025-06-05,ITMG,0.009411,0.015832,0.006421
2025-06-10,ITMG,0.009261,0.01883,0.009568
2025-06-11,ITMG,0.00926,0.017067,0.007806
2025-06-12,ITMG,0.009222,0.016408,0.007187
2025-06-13,ITMG,0.010872,0.015927,0.005055
2025-06-16,ITMG,0.010633,0.018134,0.007501
2025-06-17,ITMG,0.010647,0.017665,0.007019
2025-06-18,ITMG,0.013412,0.016247,0.002834
2025-06-19,ITMG,0.01384,0.017636,0.003796
2025-06-20,ITMG,0.013016,0.020893,0.007877
2025-06-23,ITMG,0.012851,0.022652,0.009802
2025-06-24,ITMG,0.012815,0.022525,0.00971
2025-06-25,ITMG,0.012764,0.021512,0.008748
2025-06-26,ITMG,0.012739,0.023375,0.010636
2025-06-30,ITMG,0.01269,0.022037,0.009347
2025-07-01,ITMG,0.012871,0.019507,0.006636
2025-07-02,ITMG,0.012548,0.017867,0.005319
2025-07-03,ITMG,0.01255,0.01782,0.005269
2025-07-04,ITMG,0.012502,0.016633,0.004132
2025-07-07,ITMG,0.012485,0.015915,0.00343
2025-07-08,ITMG,0.012193,0.015428,0.003235
2025-07-09,ITMG,0.012331,0.015426,0.003095
2025-07-10,ITMG,0.012537,0.015839,0.003301
2025-07-11,ITMG,0.012193,0.015854,0.003661
2025-07-14,ITMG,0.010099,0.015912,0.005813
2025-07-15,ITMG,0.010116,0.015811,0.005696
2025-07-16,ITMG,0.009923,0.016237,0.006314
2025-07-17,ITMG,0.006503,0.016252,0.009749
2025-07-18,ITMG,0.005098,0.016118,0.011019
2025-07-21,ITMG,0.005579,0.016125,0.010547
2025-07-22,ITMG,0.00543,0.016119,0.010689
2025-07-23,ITMG,0.005387,0.01579,0.010403
2025-07-24,ITMG,0.005599,0.015955,0.010356
2025-07-25,ITMG,0.006047,0.01539,0.009343
2025-07-28,ITMG,0.006105,0.016239,0.010134
2025-07-29,ITMG,0.006141,0.016205,0.010064
2025-07-30,ITMG,0.007464,0.01635,0.008886
2025-07-31,ITMG,0.007557,0.016234,0.008677
2025-08-01,ITMG,0.007651,0.016551,0.008901
2025-08-04,ITMG,0.007645,0.01545,0.007805
2025-08-05,ITMG,0.007641,0.015469,0.007828
2025-08-06,ITMG,0.007413,0.01611,0.008698
2025-08-07,ITMG,0.007392,0.01523,0.007838
2025-08-08,ITMG,0.007869,0.014615,0.006746
2025-08-11,ITMG,0.014124,0.014263,0.000139
2025-08-12,ITMG,0.014128,0.01842,0.004292
2025-08-13,ITMG,0.014146,0.019582,0.005436
2025-08-14,ITMG,0.014195,0.019749,0.005553
2025-08-15,ITMG,0.014311,0.021046,0.006735
2025-08-19,ITMG,0.014274,0.023031,0.008758
2025-08-20,ITMG,0.014192,0.022844,0.008652
2025-08-21,ITMG,0.014048,0.019011,0.004963
2025-08-22,ITMG,0.014067,0.018136,0.004069
2025-08-25,ITMG,0.013666,0.017776,0.00411
2025-08-26,ITMG,0.013681,0.017172,0.003491
2025-08-27,ITMG,0.013437,0.015975,0.002538
2025-08-28,ITMG,0.013101,0.015187,0.002087
2025-08-29,ITMG,0.013149,0.015653,0.002504
2025-09-01,ITMG,0.013119,0.018261,0.005142
2025-09-02,ITMG,0.013119,0.018112,0.004993
2025-09-03,ITMG,0.01314,0.017494,0.004353
2025-09-04,ITMG,0.013115,0.017937,0.004822
2025-09-08,ITMG,0.012834,0.0192,0.006366
2025-09-09,ITMG,0.012174,0.018004,0.00583
2025-09-10,ITMG,0.005534,0.016616,0.011081
2025-09-11,ITMG,0.005495,0.016902,0.011407
2025-09-12,ITMG,0.005599,0.016446,0.010847
2025-09-15,ITMG,0.005476,0.017024,0.011548
2025-09-16,ITMG,0.005438,0.016874,0.011436
2025-09-17,ITMG,0.005079,0.016504,0.011425
2025-09-18,ITMG,0.006426,0.016199,0.009773
2025-09-19,ITMG,0.006438,0.016351,0.009913
2025-09-22,ITMG,0.006597,0.016155,0.009558
2025-09-23,ITMG,0.006809,0.015913,0.009105
2025-09-24,ITMG,0.007016,0.015207,0.00819
2025-09-25,ITMG,0.007042,0.016202,0.009161
2025-09-26,ITMG,0.006213,0.016006,0.009793
2025-09-29,ITMG,0.0062,0.015652,0.009452
2025-09-30,ITMG,0.007125,0.01571,0.008585
2025-10-01,ITMG,0.007097,0.015487,0.00839
2025-10-02,ITMG,0.007121,0.015769,0.008648
2025-10-03,ITMG,0.00739,0.015673,0.008284
2025-10-06,ITMG,0.007432,0.014883,0.007451
2025-10-07,ITMG,0.007945,0.014579,0.006634
2025-10-08,ITMG,0.008422,0.014699,0.006278
2025-10-09,ITMG,0.008991,0.015195,0.006205
2025-10-10,ITMG,0.009124,0.015621,0.006497
2025-10-13,ITMG,0.009576,0.016152,0.006575
2025-10-14,ITMG,0.009713,0.016295,0.006582
2025-10-15,ITMG,0.010471,0.016492,0.006021
2025-10-16,ITMG,0.009508,0.016491,0.006983
2025-10-17,ITMG,0.009876,0.015606,0.00573
2025-10-20,ITMG,0.009912,0.015577,0.005665
2025-10-21,ITMG,0.009824,0.016901,0.007076
2025-10-22,ITMG,0.009809,0.016687,0.006878
2025-10-23,ITMG,0.009783,0.016209,0.006426
2025-10-24,ITMG,0.009755,0.016351,0.006596
2025-10-27,ITMG,0.009772,0.016031,0.006258
2025-10-28,ITMG,0.009223,0.015856,0.006633
2025-10-29,ITMG,0.01041,0.015775,0.005365
2025-10-30,ITMG,0.010402,0.015815,0.005413
2025-10-31,ITMG,0.011304,0.015893,0.004589
2025-11-03,ITMG,0.011339,0.016743,0.005404
2025-11-04,ITMG,0.011331,0.015089,0.003757
2025-11-05,ITMG,0.011346,0.016516,0.00517
2025-11-06,ITMG,0.010975,0.01714,0.006165
2025-11-07,ITMG,0.010802,0.016629,0.005826
2025-11-10,ITMG,0.0104,0.015781,0.00538
2025-11-11,ITMG,0.009867,0.014745,0.004878
2025-11-12,ITMG,0.009589,0.015848,0.00626
2025-11-13,ITMG,0.009775,0.015743,0.005969
2025-11-14,ITMG,0.009611,0.015113,0.005502
2025-11-17,ITMG,0.010145,0.014933,0.004788
2025-11-18,ITMG,0.01015,0.01496,0.00481
2025-11-19,ITMG,0.010106,0.013651,0.003545
2025-11-20,ITMG,0.010106,0.012943,0.002837
2025-11-21,ITMG,0.010174,0.012869,0.002695
2025-11-24,ITMG,0.01028,0.012256,0.001976
2025-11-25,ITMG,0.010134,0.011693,0.00156
2025-11-26,ITMG,0.008564,0.011632,0.003068
2025-11-27,ITMG,0.008602,0.012381,0.003779
2025-11-28,ITMG,0.0075,0.012961,0.005461
2025-12-01,ITMG,0.00735,0.012686,0.005337
2025-12-02,ITMG,0.005988,0.012377,0.006389
2025-12-03,ITMG,0.005786,0.013204,0.007418
2025-12-04,ITMG,0.00584,0.014281,0.008441
2025-12-05,ITMG,0.005847,0.014411,0.008565
2025-12-08,ITMG,0.005746,0.013869,0.008123
2025-12-09,ITMG,0.005699,0.014338,0.008639
2025-12-10,ITMG,0.004814,0.014561,0.009747
2025-12-11,ITMG,0.004436,0.014296,0.00986
2025-12-12,ITMG,0.004665,0.014583,0.009919
2025-12-15,ITMG,0.005434,0.014515,0.009082
2025-12-16,ITMG,0.006203,0.01579,0.009587
2025-12-17,ITMG,0.006215,0.017226,0.011011
2025-12-18,ITMG,0.006885,0.01645,0.009566
2025-12-19,ITMG,0.006692,0.017331,0.01064
2025-12-22,ITMG,0.007522,0.017083,0.009562
2025-12-23,ITMG,0.007634,0.017475,0.009841
2025-12-24,ITMG,0.007621,0.016865,0.009243
2025-12-29,ITMG,0.007664,0.016762,0.009098
2025-12-30,ITMG,0.00767,0.016323,0.008653
2026-01-02,ITMG,0.007674,0.016166,0.008492
2026-01-05,ITMG,0.007689,0.015879,0.00819
2026-01-06,ITMG,0.0077,0.015915,0.008215
2026-01-07,ITMG,0.007689,0.01582,0.008132
2026-01-08,ITMG,0.007727,0.015898,0.008171
2026-01-09,ITMG,0.007727,0.015749,0.008022
2026-01-12,ITMG,0.007879,0.015617,0.007739
2026-01-13,ITMG,0.007823,0.015768,0.007945
2026-01-14,ITMG,0.007876,0.016599,0.008724
2026-01-15,ITMG,0.007564,0.015809,0.008246
2026-01-19,ITMG,0.005825,0.016108,0.010283
2026-01-20,ITMG,0.005651,0.015482,0.009831
2026-01-21,ITMG,0.006623,0.016244,0.009621
2026-01-22,ITMG,0.006923,0.016147,0.009223
2026-01-23,ITMG,0.00695,0.015252,0.008302
2026-01-26,ITMG,0.007978,0.015198,0.00722
2026-01-27,ITMG,0.008406,0.015167,0.006761
2026-01-28,ITMG,0.008862,0.017153,0.008291
2026-01-29,ITMG,0.009188,0.018303,0.009115
2026-01-30,ITMG,0.009066,0.01923,0.010164
2026-02-02,ITMG,0.009101,0.019398,0.010297
2026-02-03,ITMG,0.009091,0.020008,0.010917
2026-02-04,ITMG,0.009108,0.01807,0.008962
2026-02-05,ITMG,0.009287,0.016994,0.007707
2026-02-06,ITMG,0.009285,0.016644,0.007359
2026-02-09,ITMG,0.009269,0.016417,0.007148
2026-02-10,ITMG,0.009266,0.015498,0.006232
2026-02-11,ITMG,0.009441,0.014989,0.005549
2026-02-12,ITMG,0.009529,0.015322,0.005792
2026-02-13,ITMG,0.009641,0.015411,0.005769
2026-02-18,ITMG,0.009933,0.015151,0.005218
2026-02-19,ITMG,0.009964,0.01519,0.005226
2026-02-20,ITMG,0.009109,0.01538,0.006271
2026-02-23,ITMG,0.008818,0.014566,0.005748
2026-02-24,ITMG,0.008723,0.014159,0.005436
2026-02-25,ITMG,0.007498,0.014054,0.006556
2026-02-26,ITMG,0.007446,0.01439,0.006944
2026-02-27,ITMG,0.009707,0.013508,0.003801
2026-03-02,ITMG,0.015905,0.016024,0.00012
2026-03-03,ITMG,0.015846,0.01973,0.003884
2026-03-04,ITMG,0.017348,0.021117,0.003769
2026-03-05,ITMG,0.018457,0.021232,0.002775
2026-03-06,ITMG,0.020213,0.022196,0.001983
2026-03-09,ITMG,0.020313,0.025882,0.005569
2026-03-10,ITMG,0.026709,0.02712,0.00041
2026-03-11,ITMG,0.028562,0.029034,0.000472
2026-03-12,ITMG,0.028659,0.02884,0.000181
2026-03-13,ITMG,0.028287,0.028234,5.3e-05
2026-03-16,ITMG,0.028301,0.031681,0.00338
2026-03-17,ITMG,0.031185,0.031382,0.000197
2026-03-25,ITMG,0.032058,0.032721,0.000663
2026-03-26,ITMG,0.032836,0.033528,0.000693
2026-03-27,ITMG,0.033473,0.032656,0.000817
2026-03-30,ITMG,0.033858,0.030075,0.003783
2026-03-31,ITMG,0.038333,0.031066,0.007267
2026-04-01,ITMG,0.038644,0.033353,0.005291
2026-04-02,ITMG,0.039396,0.035417,0.003979
2026-04-06,ITMG,0.039034,0.033826,0.005209
2026-04-07,ITMG,0.037085,0.033845,0.00324
2026-04-08,ITMG,0.037818,0.034156,0.003663
2026-04-09,ITMG,0.036985,0.033958,0.003027
2026-04-10,ITMG,0.036129,0.027706,0.008423
2026-04-13,ITMG,0.034742,0.030387,0.004354
2026-04-14,ITMG,0.034737,0.028973,0.005764
2026-04-15,ITMG,0.031735,0.026079,0.005656
2026-04-16,ITMG,0.02917,0.024969,0.004202
2026-04-17,ITMG,0.029406,0.025024,0.004382
2026-04-20,ITMG,0.029451,0.029045,0.000406
2026-04-21,ITMG,0.029863,0.027078,0.002785
2026-04-22,ITMG,0.024468,0.025178,0.00071
2026-04-23,ITMG,0.024352,0.023299,0.001052
2026-04-24,ITMG,0.025042,0.024091,0.000951
2026-04-27,ITMG,0.02487,0.025983,0.001113
2026-04-28,ITMG,0.025981,0.023964,0.002017
2026-04-29,ITMG,0.021625,0.024608,0.002983
2026-04-30,ITMG,0.021311,0.023555,0.002244
2026-05-04,ITMG,0.020411,0.025474,0.005063
2026-05-05,ITMG,0.021339,0.026359,0.00502
2026-05-06,ITMG,0.021795,0.024444,0.002649
2026-05-07,ITMG,0.022758,0.025603,0.002845
2026-05-08,ITMG,0.022765,0.028936,0.006171
2026-05-11,ITMG,0.022657,0.025968,0.003311
2026-05-12,ITMG,0.021864,0.022991,0.001127
2026-05-13,ITMG,0.021743,0.021873,0.00013
2026-05-14,ITMG,0.021374,0.019279,0.002095
2025-02-13,PTBA,0.01143,0.014319,0.002889
2025-02-14,PTBA,0.010689,0.014223,0.003533
2025-02-17,PTBA,0.010714,0.01428,0.003565
2025-02-18,PTBA,0.010979,0.014349,0.00337
2025-02-19,PTBA,0.010883,0.014342,0.003459
2025-02-20,PTBA,0.010595,0.013816,0.00322
2025-02-21,PTBA,0.010531,0.013973,0.003442
2025-02-24,PTBA,0.010614,0.013625,0.003012
2025-02-25,PTBA,0.010619,0.013756,0.003137
2025-02-26,PTBA,0.010598,0.013633,0.003036
2025-02-27,PTBA,0.010776,0.01399,0.003213
2025-02-28,PTBA,0.010708,0.014723,0.004015
2025-03-03,PTBA,0.011918,0.01512,0.003202
2025-03-04,PTBA,0.013441,0.014255,0.000814
2025-03-05,PTBA,0.012261,0.015113,0.002851
2025-03-06,PTBA,0.012284,0.01534,0.003056
2025-03-07,PTBA,0.012081,0.015956,0.003875
2025-03-10,PTBA,0.012139,0.014822,0.002683
2025-03-11,PTBA,0.011903,0.014482,0.002579
2025-03-12,PTBA,0.010875,0.014216,0.003342
2025-03-13,PTBA,0.010563,0.014144,0.003581
2025-03-14,PTBA,0.010563,0.014011,0.003447
2025-03-17,PTBA,0.010678,0.013978,0.0033
2025-03-18,PTBA,0.01078,0.01432,0.003539
2025-03-19,PTBA,0.010628,0.014496,0.003867
2025-03-20,PTBA,0.012918,0.014294,0.001376
2025-03-21,PTBA,0.012923,0.015765,0.002842
2025-03-24,PTBA,0.020303,0.014915,0.005388
2025-03-25,PTBA,0.021215,0.015614,0.005601
2025-03-26,PTBA,0.021218,0.015298,0.00592
2025-03-27,PTBA,0.022833,0.016863,0.00597
2025-04-08,PTBA,0.023257,0.019218,0.004038
2025-04-09,PTBA,0.029696,0.017676,0.012021
2025-04-10,PTBA,0.029147,0.01728,0.011867
2025-04-11,PTBA,0.029489,0.016771,0.012719
2025-04-14,PTBA,0.029296,0.01565,0.013646
2025-04-15,PTBA,0.029389,0.016861,0.012528
2025-04-16,PTBA,0.029264,0.016945,0.012319
2025-04-17,PTBA,0.029215,0.016147,0.013068
2025-04-21,PTBA,0.028964,0.014889,0.014076
2025-04-22,PTBA,0.028931,0.01545,0.013481
2025-04-23,PTBA,0.028931,0.016254,0.012677
2025-04-24,PTBA,0.028643,0.01584,0.012803
2025-04-25,PTBA,0.028735,0.015524,0.013211
2025-04-28,PTBA,0.028523,0.016378,0.012145
2025-04-29,PTBA,0.026842,0.016322,0.01052
2025-04-30,PTBA,0.026797,0.017481,0.009316
2025-05-02,PTBA,0.023721,0.016902,0.006819
2025-05-05,PTBA,0.023364,0.01807,0.005294
2025-05-06,PTBA,0.023587,0.017695,0.005891
2025-05-07,PTBA,0.021612,0.018297,0.003316
2025-05-08,PTBA,0.021563,0.020832,0.000731
2025-05-09,PTBA,0.011989,0.017924,0.005935
2025-05-14,PTBA,0.01216,0.017088,0.004928
2025-05-15,PTBA,0.013187,0.018595,0.005408
2025-05-16,PTBA,0.013404,0.017921,0.004517
2025-05-19,PTBA,0.014336,0.01846,0.004123
2025-05-20,PTBA,0.014547,0.020943,0.006396
2025-05-21,PTBA,0.014701,0.022224,0.007523
2025-05-22,PTBA,0.014598,0.022986,0.008388
2025-05-23,PTBA,0.014571,0.025778,0.011207
2025-05-26,PTBA,0.014633,0.021411,0.006778
2025-05-27,PTBA,0.0149,0.022003,0.007103
2025-05-28,PTBA,0.015111,0.021629,0.006518
2025-06-02,PTBA,0.015056,0.018915,0.003859
2025-06-03,PTBA,0.014835,0.017758,0.002923
2025-06-04,PTBA,0.014729,0.017381,0.002652
2025-06-05,PTBA,0.015847,0.019303,0.003456
2025-06-10,PTBA,0.015968,0.021012,0.005044
2025-06-11,PTBA,0.016007,0.019961,0.003954
2025-06-12,PTBA,0.015515,0.021173,0.005658
2025-06-13,PTBA,0.015516,0.022131,0.006614
2025-06-16,PTBA,0.014478,0.021401,0.006923
2025-06-17,PTBA,0.014343,0.028944,0.014601
2025-06-18,PTBA,0.0131,0.026056,0.012956
2025-06-19,PTBA,0.013246,0.026332,0.013087
2025-06-20,PTBA,0.015089,0.027465,0.012376
2025-06-23,PTBA,0.016224,0.028157,0.011933
2025-06-24,PTBA,0.016075,0.024561,0.008486
2025-06-25,PTBA,0.016002,0.026423,0.010421
2025-06-26,PTBA,0.017107,0.027555,0.010448
2025-06-30,PTBA,0.017004,0.026097,0.009093
2025-07-01,PTBA,0.016671,0.022218,0.005546
2025-07-02,PTBA,0.016623,0.020031,0.003408
2025-07-03,PTBA,0.01668,0.018436,0.001757
2025-07-04,PTBA,0.016734,0.016831,9.7e-05
2025-07-07,PTBA,0.01691,0.016647,0.000264
2025-07-08,PTBA,0.014917,0.01577,0.000852
2025-07-09,PTBA,0.014906,0.015865,0.000959
2025-07-10,PTBA,0.015856,0.015628,0.000228
2025-07-11,PTBA,0.015938,0.016346,0.000408
2025-07-14,PTBA,0.015505,0.017375,0.00187
2025-07-15,PTBA,0.015306,0.016272,0.000965
2025-07-16,PTBA,0.015326,0.017918,0.002592
2025-07-17,PTBA,0.015393,0.018322,0.002929
2025-07-18,PTBA,0.015358,0.016731,0.001374
2025-07-21,PTBA,0.012485,0.016248,0.003762
2025-07-22,PTBA,0.010993,0.016271,0.005278
2025-07-23,PTBA,0.011137,0.016233,0.005095
2025-07-24,PTBA,0.01113,0.016497,0.005367
2025-07-25,PTBA,0.009684,0.018415,0.008731
2025-07-28,PTBA,0.009684,0.016451,0.006767
2025-07-29,PTBA,0.009545,0.016454,0.006909
2025-07-30,PTBA,0.009776,0.015695,0.005919
2025-07-31,PTBA,0.009728,0.0156,0.005873
2025-08-01,PTBA,0.009833,0.015115,0.005282
2025-08-04,PTBA,0.009112,0.015193,0.006081
2025-08-05,PTBA,0.009237,0.014574,0.005337
2025-08-06,PTBA,0.008629,0.015005,0.006376
2025-08-07,PTBA,0.007085,0.014292,0.007206
2025-08-08,PTBA,0.007091,0.014747,0.007656
2025-08-11,PTBA,0.007572,0.015994,0.008422
2025-08-12,PTBA,0.007596,0.014682,0.007087
2025-08-13,PTBA,0.007877,0.014479,0.006603
2025-08-14,PTBA,0.007806,0.014735,0.006928
2025-08-15,PTBA,0.007536,0.01508,0.007544
2025-08-19,PTBA,0.008065,0.015246,0.007181
2025-08-20,PTBA,0.007841,0.015767,0.007926
2025-08-21,PTBA,0.007312,0.01488,0.007568
2025-08-22,PTBA,0.007119,0.014755,0.007635
2025-08-25,PTBA,0.010257,0.014801,0.004545
2025-08-26,PTBA,0.011284,0.01687,0.005587
2025-08-27,PTBA,0.011395,0.016295,0.004899
2025-08-28,PTBA,0.011401,0.016995,0.005594
2025-08-29,PTBA,0.011401,0.017301,0.0059
2025-09-01,PTBA,0.011401,0.016715,0.005314
2025-09-02,PTBA,0.011401,0.017661,0.00626
2025-09-03,PTBA,0.011287,0.015973,0.004686
2025-09-04,PTBA,0.011125,0.016252,0.005127
2025-09-08,PTBA,0.011168,0.01653,0.005362
2025-09-09,PTBA,0.011273,0.016428,0.005155
2025-09-10,PTBA,0.01087,0.015557,0.004687
2025-09-11,PTBA,0.011027,0.015719,0.004691
2025-09-12,PTBA,0.010743,0.015637,0.004894
2025-09-15,PTBA,0.010743,0.015341,0.004598
2025-09-16,PTBA,0.010599,0.014924,0.004325
2025-09-17,PTBA,0.010291,0.015019,0.004728
2025-09-18,PTBA,0.010524,0.014733,0.004209
2025-09-19,PTBA,0.010526,0.014642,0.004116
2025-09-22,PTBA,0.01059,0.014866,0.004276
2025-09-23,PTBA,0.00713,0.014602,0.007472
2025-09-24,PTBA,0.006294,0.014497,0.008203
2025-09-25,PTBA,0.00614,0.015099,0.008958
2025-09-26,PTBA,0.005837,0.014973,0.009136
2025-09-29,PTBA,0.006249,0.014999,0.00875
2025-09-30,PTBA,0.006055,0.016185,0.01013
2025-10-01,PTBA,0.006217,0.015203,0.008986
2025-10-02,PTBA,0.006373,0.014562,0.008189
2025-10-03,PTBA,0.006379,0.014837,0.008458
2025-10-06,PTBA,0.007239,0.014483,0.007244
2025-10-07,PTBA,0.00714,0.015038,0.007897
2025-10-08,PTBA,0.010201,0.015317,0.005116
2025-10-09,PTBA,0.010763,0.018414,0.007651
2025-10-10,PTBA,0.011372,0.020225,0.008853
2025-10-13,PTBA,0.011944,0.020203,0.008259
2025-10-14,PTBA,0.017362,0.018912,0.00155
2025-10-15,PTBA,0.018066,0.021401,0.003335
2025-10-16,PTBA,0.017875,0.018438,0.000563
2025-10-17,PTBA,0.019129,0.017168,0.00196
2025-10-20,PTBA,0.020437,0.017932,0.002505
2025-10-21,PTBA,0.020954,0.017891,0.003063
2025-10-22,PTBA,0.021047,0.017432,0.003615
2025-10-23,PTBA,0.021263,0.016974,0.004288
2025-10-24,PTBA,0.021193,0.01817,0.003024
2025-10-27,PTBA,0.021126,0.016388,0.004739
2025-10-28,PTBA,0.021107,0.016063,0.005044
2025-10-29,PTBA,0.021645,0.016653,0.004991
2025-10-30,PTBA,0.021894,0.017124,0.00477
2025-10-31,PTBA,0.021853,0.017397,0.004456
2025-11-03,PTBA,0.021382,0.016976,0.004406
2025-11-04,PTBA,0.021521,0.017288,0.004232
2025-11-05,PTBA,0.020554,0.016591,0.003963
2025-11-06,PTBA,0.020246,0.016307,0.003939
2025-11-07,PTBA,0.019841,0.015228,0.004613
2025-11-10,PTBA,0.019373,0.014788,0.004585
2025-11-11,PTBA,0.013398,0.015003,0.001605
2025-11-12,PTBA,0.013297,0.014679,0.001382
2025-11-13,PTBA,0.013541,0.014518,0.000977
2025-11-14,PTBA,0.012329,0.015157,0.002829
2025-11-17,PTBA,0.011031,0.015553,0.004522
2025-11-18,PTBA,0.009904,0.015425,0.005521
2025-11-19,PTBA,0.009516,0.015633,0.006117
2025-11-20,PTBA,0.00908,0.015376,0.006295
2025-11-21,PTBA,0.009103,0.01563,0.006528
2025-11-24,PTBA,0.009224,0.015616,0.006392
2025-11-25,PTBA,0.009048,0.015126,0.006078
2025-11-26,PTBA,0.006794,0.015396,0.008602
2025-11-27,PTBA,0.006567,0.015496,0.008928
2025-11-28,PTBA,0.00672,0.015614,0.008894
2025-12-01,PTBA,0.007148,0.015389,0.008241
2025-12-02,PTBA,0.006993,0.015372,0.008379
2025-12-03,PTBA,0.006617,0.015638,0.00902
2025-12-04,PTBA,0.006615,0.015833,0.009218
2025-12-05,PTBA,0.006615,0.015725,0.00911
2025-12-08,PTBA,0.00662,0.015638,0.009018
2025-12-09,PTBA,0.006618,0.015837,0.009219
2025-12-10,PTBA,0.006941,0.015637,0.008695
2025-12-11,PTBA,0.006791,0.015505,0.008714
2025-12-12,PTBA,0.006658,0.015384,0.008726
2025-12-15,PTBA,0.006039,0.01573,0.009691
2025-12-16,PTBA,0.005975,0.015859,0.009884
2025-12-17,PTBA,0.005879,0.015819,0.00994
2025-12-18,PTBA,0.005984,0.015497,0.009513
2025-12-19,PTBA,0.005989,0.015885,0.009896
2025-12-22,PTBA,0.005722,0.015902,0.01018
2025-12-23,PTBA,0.005605,0.016505,0.0109
2025-12-24,PTBA,0.006632,0.015957,0.009325
2025-12-29,PTBA,0.006646,0.016658,0.010012
2025-12-30,PTBA,0.006382,0.01595,0.009568
2026-01-02,PTBA,0.006375,0.016115,0.00974
2026-01-05,PTBA,0.00692,0.015653,0.008733
2026-01-06,PTBA,0.008047,0.016152,0.008105
2026-01-07,PTBA,0.008711,0.017058,0.008347
2026-01-08,PTBA,0.008711,0.017264,0.008553
2026-01-09,PTBA,0.008705,0.017587,0.008882
2026-01-12,PTBA,0.009289,0.016976,0.007687
2026-01-13,PTBA,0.008559,0.017462,0.008903
2026-01-14,PTBA,0.008512,0.017309,0.008797
2026-01-15,PTBA,0.008459,0.016861,0.008402
2026-01-19,PTBA,0.00839,0.01646,0.00807
2026-01-20,PTBA,0.008154,0.017192,0.009038
2026-01-21,PTBA,0.008574,0.016606,0.008031
2026-01-22,PTBA,0.008677,0.017572,0.008895
2026-01-23,PTBA,0.008757,0.016793,0.008036
2026-01-26,PTBA,0.008757,0.017346,0.008589
2026-01-27,PTBA,0.016382,0.017159,0.000778
2026-01-28,PTBA,0.016132,0.020626,0.004494
2026-01-29,PTBA,0.016328,0.019246,0.002918
2026-01-30,PTBA,0.016952,0.018065,0.001113
2026-02-02,PTBA,0.017144,0.019235,0.002091
2026-02-03,PTBA,0.01712,0.019876,0.002756
2026-02-04,PTBA,0.016879,0.018194,0.001315
2026-02-05,PTBA,0.017045,0.022346,0.005301
2026-02-06,PTBA,0.017128,0.019815,0.002686
2026-02-09,PTBA,0.017051,0.019941,0.002891
2026-02-10,PTBA,0.017124,0.018017,0.000893
2026-02-11,PTBA,0.017081,0.020773,0.003692
2026-02-12,PTBA,0.017081,0.02127,0.004188
2026-02-13,PTBA,0.01798,0.018238,0.000259
2026-02-18,PTBA,0.018006,0.01703,0.000977
2026-02-19,PTBA,0.01817,0.018043,0.000126
2026-02-20,PTBA,0.017718,0.018307,0.00059
2026-02-23,PTBA,0.01796,0.017524,0.000436
2026-02-24,PTBA,0.018097,0.018839,0.000741
2026-02-25,PTBA,0.018195,0.018251,5.6e-05
2026-02-26,PTBA,0.012655,0.016936,0.00428
2026-02-27,PTBA,0.017219,0.016784,0.000435
2026-03-02,PTBA,0.020962,0.019124,0.001838
2026-03-03,PTBA,0.021568,0.020557,0.001011
2026-03-04,PTBA,0.022424,0.021962,0.000462
2026-03-05,PTBA,0.022432,0.023231,0.000798
2026-03-06,PTBA,0.022697,0.024078,0.00138
2026-03-09,PTBA,0.022161,0.028046,0.005885
2026-03-10,PTBA,0.023446,0.028235,0.004788
2026-03-11,PTBA,0.023485,0.027959,0.004474
2026-03-12,PTBA,0.023164,0.026262,0.003098
2026-03-13,PTBA,0.023125,0.021431,0.001695
2026-03-16,PTBA,0.023191,0.022845,0.000346
2026-03-17,PTBA,0.028464,0.019366,0.009099
2026-03-25,PTBA,0.028777,0.024735,0.004042
2026-03-26,PTBA,0.02884,0.024563,0.004276
2026-03-27,PTBA,0.028866,0.022593,0.006274
2026-03-30,PTBA,0.028292,0.021085,0.007208
2026-03-31,PTBA,0.032862,0.023384,0.009478
2026-04-01,PTBA,0.033414,0.024236,0.009179
2026-04-02,PTBA,0.033581,0.022635,0.010946
2026-04-06,PTBA,0.031868,0.022139,0.009729
2026-04-07,PTBA,0.029435,0.022081,0.007354
2026-04-08,PTBA,0.029108,0.024352,0.004756
2026-04-09,PTBA,0.027769,0.022687,0.005081
2026-04-10,PTBA,0.027875,0.020616,0.007258
2026-04-13,PTBA,0.027806,0.021605,0.006202
2026-04-14,PTBA,0.027895,0.023506,0.004389
2026-04-15,PTBA,0.027291,0.022091,0.0052
2026-04-16,PTBA,0.02721,0.019874,0.007336
2026-04-17,PTBA,0.027306,0.018043,0.009263
2026-04-20,PTBA,0.027487,0.019136,0.008351
2026-04-21,PTBA,0.028308,0.018594,0.009714
2026-04-22,PTBA,0.021083,0.019504,0.001579
2026-04-23,PTBA,0.021394,0.017645,0.003748
2026-04-24,PTBA,0.021406,0.019582,0.001824
2026-04-27,PTBA,0.020935,0.018972,0.001963
2026-04-28,PTBA,0.020853,0.020268,0.000585
2026-04-29,PTBA,0.015487,0.019047,0.00356
2026-04-30,PTBA,0.01591,0.018748,0.002838
2026-05-04,PTBA,0.014953,0.018867,0.003913
2026-05-05,PTBA,0.014534,0.018594,0.00406
2026-05-06,PTBA,0.013997,0.016878,0.00288
2026-05-07,PTBA,0.013997,0.019417,0.00542
2026-05-08,PTBA,0.013998,0.018033,0.004035
2026-05-11,PTBA,0.013783,0.019756,0.005974
2026-05-12,PTBA,0.013898,0.017366,0.003468
2026-05-13,PTBA,0.013754,0.015918,0.002163
2026-05-14,PTBA,0.013585,0.015924,0.002339
2025-02-13,MEDC,0.025416,0.026773,0.001356
2025-02-14,MEDC,0.025896,0.026382,0.000487
2025-02-17,MEDC,0.025827,0.026382,0.000555
2025-02-18,MEDC,0.025834,0.026731,0.000897
2025-02-19,MEDC,0.025771,0.026731,0.00096
2025-02-20,MEDC,0.021327,0.026619,0.005292
2025-02-21,MEDC,0.021185,0.026619,0.005434
2025-02-24,MEDC,0.02094,0.026619,0.005679
2025-02-25,MEDC,0.020893,0.026619,0.005726
2025-02-26,MEDC,0.01782,0.026555,0.008735
2025-02-27,MEDC,0.017526,0.026382,0.008857
2025-02-28,MEDC,0.017793,0.026577,0.008784
2025-03-03,MEDC,0.017223,0.02731,0.010088
2025-03-04,MEDC,0.016751,0.027868,0.011118
2025-03-05,MEDC,0.014692,0.027247,0.012554
2025-03-06,MEDC,0.014696,0.027318,0.012622
2025-03-07,MEDC,0.013997,0.02697,0.012973
2025-03-10,MEDC,0.014473,0.026382,0.01191
2025-03-11,MEDC,0.014382,0.026382,0.012
2025-03-12,MEDC,0.014382,0.026555,0.012172
2025-03-13,MEDC,0.01248,0.026382,0.013902
2025-03-14,MEDC,0.011549,0.026531,0.014982
2025-03-17,MEDC,0.011621,0.026382,0.014762
2025-03-18,MEDC,0.01198,0.026968,0.014988
2025-03-19,MEDC,0.014356,0.027385,0.013029
2025-03-20,MEDC,0.015189,0.028076,0.012886
2025-03-21,MEDC,0.015635,0.027544,0.011909
2025-03-24,MEDC,0.01669,0.027378,0.010688
2025-03-25,MEDC,0.020281,0.026711,0.00643
2025-03-26,MEDC,0.020051,0.026822,0.006771
2025-03-27,MEDC,0.022667,0.026689,0.004023
2025-04-08,MEDC,0.023799,0.028853,0.005054
2025-04-09,MEDC,0.030513,0.028722,0.001791
2025-04-10,MEDC,0.030436,0.030346,9e-05
2025-04-11,MEDC,0.030794,0.030325,0.000469
2025-04-14,MEDC,0.030913,0.030827,8.6e-05
2025-04-15,MEDC,0.031783,0.030895,0.000889
2025-04-16,MEDC,0.031707,0.02937,0.002337
2025-04-17,MEDC,0.031748,0.028554,0.003194
2025-04-21,MEDC,0.031952,0.026944,0.005008
2025-04-22,MEDC,0.03218,0.026327,0.005853
2025-04-23,MEDC,0.032596,0.027956,0.00464
2025-04-24,MEDC,0.032696,0.028262,0.004435
2025-04-25,MEDC,0.032229,0.027261,0.004968
2025-04-28,MEDC,0.031673,0.027318,0.004355
2025-04-29,MEDC,0.031397,0.029026,0.002372
2025-04-30,MEDC,0.030943,0.028799,0.002145
2025-05-02,MEDC,0.030671,0.027931,0.002739
2025-05-05,MEDC,0.028621,0.026281,0.00234
2025-05-06,MEDC,0.028754,0.026281,0.002473
2025-05-07,MEDC,0.025507,0.026794,0.001287
2025-05-08,MEDC,0.02403,0.027419,0.003389
2025-05-09,MEDC,0.017611,0.027299,0.009688
2025-05-14,MEDC,0.01758,0.027831,0.010251
2025-05-15,MEDC,0.017302,0.029435,0.012133
2025-05-16,MEDC,0.017416,0.028999,0.011583
2025-05-19,MEDC,0.0171,0.02818,0.01108
2025-05-20,MEDC,0.017807,0.030067,0.01226
2025-05-21,MEDC,0.022055,0.029758,0.007703
2025-05-22,MEDC,0.022524,0.030419,0.007895
2025-05-23,MEDC,0.023862,0.03033,0.006468
2025-05-26,MEDC,0.023262,0.029357,0.006095
2025-05-27,MEDC,0.023599,0.027099,0.0035
2025-05-28,MEDC,0.023534,0.028003,0.004469
2025-06-02,MEDC,0.02355,0.028724,0.005174
2025-06-03,MEDC,0.023018,0.027442,0.004424
2025-06-04,MEDC,0.022834,0.028025,0.005191
2025-06-05,MEDC,0.022622,0.026044,0.003422
2025-06-10,MEDC,0.022713,0.026845,0.004132
2025-06-11,MEDC,0.022808,0.02757,0.004762
2025-06-12,MEDC,0.028977,0.027158,0.001818
2025-06-13,MEDC,0.029233,0.028869,0.000364
2025-06-16,MEDC,0.030168,0.031681,0.001513
2025-06-17,MEDC,0.030197,0.034068,0.003871
2025-06-18,MEDC,0.029922,0.036986,0.007064
2025-06-19,MEDC,0.030511,0.043039,0.012528
2025-06-20,MEDC,0.028808,0.043058,0.01425
2025-06-23,MEDC,0.037248,0.044384,0.007135
2025-06-24,MEDC,0.036737,0.04393,0.007194
2025-06-25,MEDC,0.036485,0.0432,0.006715
2025-06-26,MEDC,0.035498,0.036538,0.00104
2025-06-30,MEDC,0.035576,0.03536,0.000216
2025-07-01,MEDC,0.035366,0.035156,0.00021
2025-07-02,MEDC,0.035415,0.032423,0.002992
2025-07-03,MEDC,0.035453,0.030262,0.005191
2025-07-04,MEDC,0.035517,0.02691,0.008607
2025-07-07,MEDC,0.035551,0.026788,0.008764
2025-07-08,MEDC,0.035327,0.026896,0.008431
2025-07-09,MEDC,0.035339,0.025708,0.009631
2025-07-10,MEDC,0.035351,0.024688,0.010663
2025-07-11,MEDC,0.028398,0.024688,0.003711
2025-07-14,MEDC,0.026863,0.024688,0.002175
2025-07-15,MEDC,0.027751,0.024688,0.003064
2025-07-16,MEDC,0.027979,0.024936,0.003044
2025-07-17,MEDC,0.027395,0.025623,0.001773
2025-07-18,MEDC,0.027363,0.026543,0.00082
2025-07-21,MEDC,0.027149,0.025008,0.002141
2025-07-22,MEDC,0.017999,0.025512,0.007513
2025-07-23,MEDC,0.01484,0.027112,0.012272
2025-07-24,MEDC,0.016045,0.026345,0.0103
2025-07-25,MEDC,0.015796,0.024302,0.008506
2025-07-28,MEDC,0.017771,0.022528,0.004757
2025-07-29,MEDC,0.01745,0.023577,0.006127
2025-07-30,MEDC,0.018857,0.024667,0.00581
2025-07-31,MEDC,0.02165,0.023809,0.002159
2025-08-01,MEDC,0.02179,0.024099,0.002308
2025-08-04,MEDC,0.022323,0.025276,0.002954
2025-08-05,MEDC,0.0219,0.026727,0.004827
2025-08-06,MEDC,0.025374,0.025048,0.000325
2025-08-07,MEDC,0.026101,0.023671,0.00243
2025-08-08,MEDC,0.026947,0.02371,0.003237
2025-08-11,MEDC,0.027153,0.022777,0.004376
2025-08-12,MEDC,0.02721,0.022433,0.004778
2025-08-13,MEDC,0.027209,0.023015,0.004193
2025-08-14,MEDC,0.026984,0.023014,0.00397
2025-08-15,MEDC,0.026913,0.02161,0.005304
2025-08-19,MEDC,0.027534,0.021345,0.006189
2025-08-20,MEDC,0.027652,0.021345,0.006307
2025-08-21,MEDC,0.028619,0.021517,0.007102
2025-08-22,MEDC,0.027966,0.021894,0.006072
2025-08-25,MEDC,0.02781,0.021345,0.006465
2025-08-26,MEDC,0.026199,0.021345,0.004854
2025-08-27,MEDC,0.026186,0.02184,0.004346
2025-08-28,MEDC,0.025943,0.021345,0.004598
2025-08-29,MEDC,0.024464,0.021345,0.003119
2025-09-01,MEDC,0.030088,0.022442,0.007646
2025-09-02,MEDC,0.029731,0.022999,0.006733
2025-09-03,MEDC,0.029731,0.022219,0.007512
2025-09-04,MEDC,0.027979,0.022567,0.005412
2025-09-08,MEDC,0.027342,0.021868,0.005474
2025-09-09,MEDC,0.026559,0.022615,0.003944
2025-09-10,MEDC,0.026365,0.022376,0.003989
2025-09-11,MEDC,0.025344,0.021345,0.003999
2025-09-12,MEDC,0.02468,0.021345,0.003335
2025-09-15,MEDC,0.026436,0.02204,0.004396
2025-09-16,MEDC,0.026566,0.022089,0.004477
2025-09-17,MEDC,0.026137,0.02347,0.002667
2025-09-18,MEDC,0.026077,0.023809,0.002268
2025-09-19,MEDC,0.025337,0.023148,0.002189
2025-09-22,MEDC,0.025375,0.024133,0.001242
2025-09-23,MEDC,0.025131,0.025894,0.000764
2025-09-24,MEDC,0.024967,0.025039,7.2e-05
2025-09-25,MEDC,0.024658,0.023814,0.000844
2025-09-26,MEDC,0.023851,0.024696,0.000845
2025-09-29,MEDC,0.02291,0.025999,0.00309
2025-09-30,MEDC,0.016862,0.02444,0.007578
2025-10-01,MEDC,0.016767,0.027114,0.010347
2025-10-02,MEDC,0.02115,0.028678,0.007527
2025-10-03,MEDC,0.01934,0.029174,0.009834
2025-10-06,MEDC,0.021658,0.03105,0.009392
2025-10-07,MEDC,0.022235,0.033218,0.010983
2025-10-08,MEDC,0.024309,0.033665,0.009356
2025-10-09,MEDC,0.025497,0.038477,0.01298
2025-10-10,MEDC,0.025891,0.037037,0.011146
2025-10-13,MEDC,0.025719,0.035401,0.009682
2025-10-14,MEDC,0.031181,0.03528,0.0041
2025-10-15,MEDC,0.030391,0.03318,0.002789
2025-10-16,MEDC,0.031946,0.031091,0.000855
2025-10-17,MEDC,0.032022,0.030016,0.002006
2025-10-20,MEDC,0.032282,0.02953,0.002752
2025-10-21,MEDC,0.032366,0.028329,0.004037
2025-10-22,MEDC,0.032766,0.026545,0.006221
2025-10-23,MEDC,0.034052,0.024503,0.009549
2025-10-24,MEDC,0.03435,0.025786,0.008564
2025-10-27,MEDC,0.034421,0.026637,0.007784
2025-10-28,MEDC,0.034095,0.026871,0.007224
2025-10-29,MEDC,0.034133,0.027026,0.007107
2025-10-30,MEDC,0.030174,0.027616,0.002558
2025-10-31,MEDC,0.030305,0.026921,0.003384
2025-11-03,MEDC,0.028092,0.025376,0.002716
2025-11-04,MEDC,0.028505,0.024503,0.004001
2025-11-05,MEDC,0.027777,0.026221,0.001556
2025-11-06,MEDC,0.027511,0.026048,0.001462
2025-11-07,MEDC,0.026204,0.02591,0.000294
2025-11-10,MEDC,0.025958,0.026229,0.000271
2025-11-11,MEDC,0.020945,0.027002,0.006057
2025-11-12,MEDC,0.02095,0.026123,0.005172
2025-11-13,MEDC,0.019173,0.026054,0.006882
2025-11-14,MEDC,0.018637,0.026906,0.008269
2025-11-17,MEDC,0.018366,0.026812,0.008446
2025-11-18,MEDC,0.018545,0.026688,0.008143
2025-11-19,MEDC,0.017381,0.025972,0.008591
2025-11-20,MEDC,0.015594,0.025774,0.01018
2025-11-21,MEDC,0.017019,0.024794,0.007776
2025-11-24,MEDC,0.016611,0.025042,0.008431
2025-11-25,MEDC,0.016611,0.026327,0.009716
2025-11-26,MEDC,0.016109,0.025807,0.009698
2025-11-27,MEDC,0.016076,0.025668,0.009593
2025-11-28,MEDC,0.016076,0.025994,0.009917
2025-12-01,MEDC,0.01461,0.026208,0.011598
2025-12-02,MEDC,0.013677,0.024794,0.011118
2025-12-03,MEDC,0.014256,0.024794,0.010539
2025-12-04,MEDC,0.015408,0.024967,0.009559
2025-12-05,MEDC,0.015368,0.024967,0.009599
2025-12-08,MEDC,0.016476,0.024518,0.008042
2025-12-09,MEDC,0.016553,0.024518,0.007966
2025-12-10,MEDC,0.018334,0.024967,0.006632
2025-12-11,MEDC,0.023925,0.024794,0.000869
2025-12-12,MEDC,0.0245,0.025701,0.001201
2025-12-15,MEDC,0.02472,0.025448,0.000727
2025-12-16,MEDC,0.025247,0.025795,0.000547
2025-12-17,MEDC,0.025239,0.026013,0.000774
2025-12-18,MEDC,0.025132,0.026285,0.001153
2025-12-19,MEDC,0.023299,0.026748,0.003449
2025-12-22,MEDC,0.023357,0.025099,0.001742
2025-12-23,MEDC,0.02338,0.025943,0.002564
2025-12-24,MEDC,0.02461,0.02596,0.00135
2025-12-29,MEDC,0.024684,0.025094,0.000411
2025-12-30,MEDC,0.029771,0.02594,0.003831
2026-01-02,MEDC,0.030073,0.026266,0.003807
2026-01-05,MEDC,0.029538,0.030085,0.000547
2026-01-06,MEDC,0.029582,0.030008,0.000427
2026-01-07,MEDC,0.031338,0.030376,0.000962
2026-01-08,MEDC,0.033425,0.030333,0.003092
2026-01-09,MEDC,0.032901,0.033787,0.000886
2026-01-12,MEDC,0.033325,0.035869,0.002544
2026-01-13,MEDC,0.032117,0.030902,0.001214
2026-01-14,MEDC,0.029454,0.03261,0.003157
2026-01-15,MEDC,0.028731,0.033547,0.004815
2026-01-19,MEDC,0.027769,0.035572,0.007802
2026-01-20,MEDC,0.027525,0.032506,0.004981
2026-01-21,MEDC,0.027468,0.032334,0.004866
2026-01-22,MEDC,0.027599,0.033645,0.006046
2026-01-23,MEDC,0.028424,0.029947,0.001523
2026-01-26,MEDC,0.02972,0.030365,0.000645
2026-01-27,MEDC,0.029976,0.03139,0.001414
2026-01-28,MEDC,0.029453,0.035669,0.006217
2026-01-29,MEDC,0.029315,0.037762,0.008447
2026-01-30,MEDC,0.028632,0.039034,0.010402
2026-02-02,MEDC,0.028502,0.042724,0.014222
2026-02-03,MEDC,0.028945,0.036583,0.007639
2026-02-04,MEDC,0.030056,0.03893,0.008875
2026-02-05,MEDC,0.029202,0.03974,0.010538
2026-02-06,MEDC,0.026437,0.037926,0.011489
2026-02-09,MEDC,0.027949,0.033211,0.005261
2026-02-10,MEDC,0.027807,0.032628,0.004821
2026-02-11,MEDC,0.027561,0.036996,0.009435
2026-02-12,MEDC,0.027289,0.033929,0.00664
2026-02-13,MEDC,0.030413,0.031404,0.000991
2026-02-18,MEDC,0.030299,0.036349,0.006049
2026-02-19,MEDC,0.030312,0.040084,0.009772
2026-02-20,MEDC,0.030024,0.038242,0.008218
2026-02-23,MEDC,0.03085,0.036183,0.005333
2026-02-24,MEDC,0.030257,0.040788,0.010532
2026-02-25,MEDC,0.030277,0.040715,0.010439
2026-02-26,MEDC,0.030447,0.039156,0.00871
2026-02-27,MEDC,0.043278,0.038331,0.004946
2026-03-02,MEDC,0.045509,0.040478,0.005032
2026-03-03,MEDC,0.043849,0.042134,0.001715
2026-03-04,MEDC,0.043882,0.042444,0.001438
2026-03-05,MEDC,0.044741,0.046409,0.001668
2026-03-06,MEDC,0.044879,0.048225,0.003346
2026-03-09,MEDC,0.044562,0.049566,0.005004
2026-03-10,MEDC,0.045544,0.049301,0.003757
2026-03-11,MEDC,0.045043,0.049194,0.004151
2026-03-12,MEDC,0.045203,0.047323,0.00212
2026-03-13,MEDC,0.045543,0.047094,0.001552
2026-03-16,MEDC,0.045811,0.044535,0.001276
2026-03-17,MEDC,0.044311,0.044615,0.000304
2026-03-25,MEDC,0.045265,0.039423,0.005842
2026-03-26,MEDC,0.045227,0.035726,0.009501
2026-03-27,MEDC,0.046303,0.032255,0.014048
2026-03-30,MEDC,0.047821,0.036851,0.01097
2026-03-31,MEDC,0.050995,0.03636,0.014635
2026-04-01,MEDC,0.051731,0.036673,0.015058
2026-04-02,MEDC,0.051288,0.038149,0.013139
2026-04-06,MEDC,0.037988,0.039251,0.001263
2026-04-07,MEDC,0.0379,0.037025,0.000874
2026-04-08,MEDC,0.037112,0.041698,0.004586
2026-04-09,MEDC,0.037156,0.044688,0.007532
2026-04-10,MEDC,0.039615,0.035749,0.003865
2026-04-13,MEDC,0.038797,0.035566,0.003231
2026-04-14,MEDC,0.038492,0.035719,0.002773
2026-04-15,MEDC,0.037771,0.038702,0.000931
2026-04-16,MEDC,0.036774,0.034137,0.002638
2026-04-17,MEDC,0.036566,0.034152,0.002414
2026-04-20,MEDC,0.036104,0.031157,0.004947
2026-04-21,MEDC,0.035565,0.029126,0.00644
2026-04-22,MEDC,0.037438,0.029326,0.008112
2026-04-23,MEDC,0.037211,0.032283,0.004928
2026-04-24,MEDC,0.037256,0.030253,0.007003
2026-04-27,MEDC,0.035313,0.03261,0.002703
2026-04-28,MEDC,0.034789,0.030671,0.004118
2026-04-29,MEDC,0.030224,0.03241,0.002186
2026-04-30,MEDC,0.027804,0.032905,0.005101
2026-05-04,MEDC,0.027908,0.030182,0.002274
2026-05-05,MEDC,0.027827,0.028928,0.001101
2026-05-06,MEDC,0.031872,0.028475,0.003398
2026-05-07,MEDC,0.031911,0.030781,0.00113
2026-05-08,MEDC,0.032467,0.030031,0.002436
2026-05-11,MEDC,0.029741,0.029532,0.000209
2026-05-12,MEDC,0.02933,0.031295,0.001965
2026-05-13,MEDC,0.02933,0.030516,0.001186
2026-05-14,MEDC,0.029031,0.030111,0.001081
2025-02-13,AKRA,0.020232,0.026197,0.005965
2025-02-14,AKRA,0.020127,0.026197,0.00607
2025-02-17,AKRA,0.026384,0.026197,0.000187
2025-02-18,AKRA,0.0264,0.026197,0.000203
2025-02-19,AKRA,0.025313,0.026197,0.000884
2025-02-20,AKRA,0.025313,0.026197,0.000884
2025-02-21,AKRA,0.025317,0.026197,0.00088
2025-02-24,AKRA,0.025453,0.026197,0.000744
2025-02-25,AKRA,0.02434,0.026197,0.001857
2025-02-26,AKRA,0.026499,0.02603,0.000468
2025-02-27,AKRA,0.029816,0.02585,0.003966
2025-02-28,AKRA,0.029569,0.025253,0.004316
2025-03-03,AKRA,0.030139,0.025662,0.004477
2025-03-04,AKRA,0.030027,0.025859,0.004168
2025-03-05,AKRA,0.032589,0.026297,0.006292
2025-03-06,AKRA,0.032711,0.02618,0.006531
2025-03-07,AKRA,0.032283,0.026219,0.006064
2025-03-10,AKRA,0.032428,0.026219,0.006209
2025-03-11,AKRA,0.032485,0.026219,0.006266
2025-03-12,AKRA,0.041204,0.026004,0.0152
2025-03-13,AKRA,0.041867,0.026595,0.015273
2025-03-14,AKRA,0.041984,0.026595,0.01539
2025-03-17,AKRA,0.039001,0.026595,0.012407
2025-03-18,AKRA,0.03908,0.026595,0.012485
2025-03-19,AKRA,0.03854,0.026595,0.011945
2025-03-20,AKRA,0.03856,0.026595,0.011966
2025-03-21,AKRA,0.038528,0.026379,0.012149
2025-03-24,AKRA,0.039552,0.026379,0.013173
2025-03-25,AKRA,0.03987,0.025677,0.014193
2025-03-26,AKRA,0.034085,0.025605,0.00848
2025-03-27,AKRA,0.041258,0.025908,0.015351
2025-04-08,AKRA,0.043495,0.025908,0.017588
2025-04-09,AKRA,0.06503,0.026197,0.038833
2025-04-10,AKRA,0.065695,0.025953,0.039742
2025-04-11,AKRA,0.064209,0.025915,0.038295
2025-04-14,AKRA,0.063938,0.026081,0.037857
2025-04-15,AKRA,0.063952,0.026023,0.037929
2025-04-16,AKRA,0.064042,0.026078,0.037964
2025-04-17,AKRA,0.064149,0.026197,0.037953
2025-04-21,AKRA,0.060535,0.026197,0.034338
2025-04-22,AKRA,0.060531,0.026197,0.034334
2025-04-23,AKRA,0.061521,0.026655,0.034866
2025-04-24,AKRA,0.0609,0.026523,0.034377
2025-04-25,AKRA,0.060918,0.026655,0.034263
2025-04-28,AKRA,0.061244,0.026655,0.034589
2025-04-29,AKRA,0.061266,0.026655,0.034611
2025-04-30,AKRA,0.061361,0.026655,0.034706
2025-05-02,AKRA,0.06106,0.026946,0.034114
2025-05-05,AKRA,0.060604,0.02678,0.033824
2025-05-06,AKRA,0.060511,0.02678,0.033732
2025-05-07,AKRA,0.052394,0.026217,0.026177
2025-05-08,AKRA,0.048124,0.026461,0.021663
2025-05-09,AKRA,0.021709,0.026548,0.004839
2025-05-14,AKRA,0.017751,0.025908,0.008157
2025-05-15,AKRA,0.017629,0.02618,0.008551
2025-05-16,AKRA,0.016117,0.026219,0.010103
2025-05-19,AKRA,0.015897,0.026595,0.010698
2025-05-20,AKRA,0.021836,0.025298,0.003462
2025-05-21,AKRA,0.02359,0.023834,0.000243
2025-05-22,AKRA,0.025204,0.023809,0.001395
2025-05-23,AKRA,0.025068,0.023387,0.001681
2025-05-26,AKRA,0.023052,0.023859,0.000807
2025-05-27,AKRA,0.02317,0.023831,0.00066
2025-05-28,AKRA,0.02456,0.022246,0.002314
2025-06-02,AKRA,0.024081,0.021562,0.002518
2025-06-03,AKRA,0.024598,0.022216,0.002382
2025-06-04,AKRA,0.024903,0.022693,0.002211
2025-06-05,AKRA,0.024561,0.02268,0.001881
2025-06-10,AKRA,0.025157,0.02268,0.002476
2025-06-11,AKRA,0.025657,0.022702,0.002955
2025-06-12,AKRA,0.026088,0.022311,0.003776
2025-06-13,AKRA,0.026927,0.022131,0.004796
2025-06-16,AKRA,0.026987,0.021797,0.00519
2025-06-17,AKRA,0.026986,0.02205,0.004937
2025-06-18,AKRA,0.027221,0.021353,0.005868
2025-06-19,AKRA,0.029279,0.021005,0.008274
2025-06-20,AKRA,0.030527,0.021899,0.008628
2025-06-23,AKRA,0.025362,0.021876,0.003486
2025-06-24,AKRA,0.02659,0.021544,0.005046
2025-06-25,AKRA,0.027261,0.022064,0.005197
2025-06-26,AKRA,0.027665,0.022404,0.005261
2025-06-30,AKRA,0.027843,0.022805,0.005038
2025-07-01,AKRA,0.027797,0.022914,0.004883
2025-07-02,AKRA,0.027272,0.023103,0.004169
2025-07-03,AKRA,0.026699,0.023278,0.003421
2025-07-04,AKRA,0.026453,0.022877,0.003576
2025-07-07,AKRA,0.026166,0.022827,0.003339
2025-07-08,AKRA,0.026055,0.023454,0.002601
2025-07-09,AKRA,0.025553,0.022914,0.002639
2025-07-10,AKRA,0.024978,0.0233,0.001678
2025-07-11,AKRA,0.024853,0.022935,0.001918
2025-07-14,AKRA,0.0248,0.02308,0.00172
2025-07-15,AKRA,0.024801,0.022782,0.002019
2025-07-16,AKRA,0.024674,0.022827,0.001847
2025-07-17,AKRA,0.024576,0.022553,0.002023
2025-07-18,AKRA,0.022737,0.022553,0.000184
2025-07-21,AKRA,0.021107,0.022728,0.001621
2025-07-22,AKRA,0.020308,0.023436,0.003127
2025-07-23,AKRA,0.017408,0.024089,0.006681
2025-07-24,AKRA,0.016277,0.023794,0.007517
2025-07-25,AKRA,0.019922,0.023977,0.004055
2025-07-28,AKRA,0.020108,0.023656,0.003548
2025-07-29,AKRA,0.020561,0.023471,0.002911
2025-07-30,AKRA,0.020538,0.02321,0.002672
2025-07-31,AKRA,0.020902,0.02363,0.002728
2025-08-01,AKRA,0.021276,0.022771,0.001495
2025-08-04,AKRA,0.021139,0.01934,0.001799
2025-08-05,AKRA,0.021002,0.01934,0.001661
2025-08-06,AKRA,0.021462,0.01934,0.002122
2025-08-07,AKRA,0.0214,0.019559,0.00184
2025-08-08,AKRA,0.021663,0.019936,0.001727
2025-08-11,AKRA,0.021989,0.018973,0.003015
2025-08-12,AKRA,0.021696,0.018973,0.002723
2025-08-13,AKRA,0.022289,0.01934,0.002949
2025-08-14,AKRA,0.021541,0.01934,0.0022
2025-08-15,AKRA,0.022702,0.01934,0.003362
2025-08-19,AKRA,0.022739,0.019848,0.002891
2025-08-20,AKRA,0.021649,0.020341,0.001308
2025-08-21,AKRA,0.021304,0.020948,0.000356
2025-08-22,AKRA,0.021547,0.021369,0.000179
2025-08-25,AKRA,0.016805,0.022527,0.005722
2025-08-26,AKRA,0.016137,0.022701,0.006564
2025-08-27,AKRA,0.016074,0.022704,0.006629
2025-08-28,AKRA,0.016526,0.022849,0.006322
2025-08-29,AKRA,0.016433,0.023039,0.006606
2025-09-01,AKRA,0.015965,0.022925,0.00696
2025-09-02,AKRA,0.016976,0.022391,0.005415
2025-09-03,AKRA,0.016943,0.022639,0.005696
2025-09-04,AKRA,0.01557,0.022553,0.006984
2025-09-08,AKRA,0.01557,0.022553,0.006984
2025-09-09,AKRA,0.015501,0.022553,0.007053
2025-09-10,AKRA,0.015025,0.022553,0.007528
2025-09-11,AKRA,0.014625,0.022728,0.008103
2025-09-12,AKRA,0.014094,0.022728,0.008634
2025-09-15,AKRA,0.016094,0.023093,0.006999
2025-09-16,AKRA,0.014307,0.023093,0.008786
2025-09-17,AKRA,0.014246,0.022797,0.008552
2025-09-18,AKRA,0.014492,0.02285,0.008358
2025-09-19,AKRA,0.015163,0.022553,0.00739
2025-09-22,AKRA,0.014788,0.022882,0.008094
2025-09-23,AKRA,0.014127,0.022935,0.008808
2025-09-24,AKRA,0.014141,0.023125,0.008984
2025-09-25,AKRA,0.014289,0.023125,0.008837
2025-09-26,AKRA,0.013612,0.022513,0.008901
2025-09-29,AKRA,0.013611,0.022462,0.008851
2025-09-30,AKRA,0.019739,0.02276,0.003021
2025-10-01,AKRA,0.018532,0.022914,0.004382
2025-10-02,AKRA,0.019227,0.022687,0.00346
2025-10-03,AKRA,0.019455,0.022253,0.002798
2025-10-06,AKRA,0.019844,0.02295,0.003106
2025-10-07,AKRA,0.019642,0.022914,0.003272
2025-10-08,AKRA,0.019719,0.022702,0.002984
2025-10-09,AKRA,0.02007,0.022615,0.002545
2025-10-10,AKRA,0.020178,0.023103,0.002925
2025-10-13,AKRA,0.018203,0.022914,0.004711
2025-10-14,AKRA,0.018016,0.022967,0.004951
2025-10-15,AKRA,0.018952,0.022404,0.003451
2025-10-16,AKRA,0.018983,0.022404,0.003421
2025-10-17,AKRA,0.01949,0.022253,0.002763
2025-10-20,AKRA,0.021369,0.024011,0.002643
2025-10-21,AKRA,0.022244,0.025118,0.002874
2025-10-22,AKRA,0.022658,0.023799,0.001141
2025-10-23,AKRA,0.029625,0.024329,0.005296
2025-10-24,AKRA,0.029421,0.023477,0.005944
2025-10-27,AKRA,0.029421,0.023477,0.005944
2025-10-28,AKRA,0.025297,0.023865,0.001432
2025-10-29,AKRA,0.025084,0.023585,0.0015
2025-10-30,AKRA,0.024956,0.024543,0.000412
2025-10-31,AKRA,0.02483,0.024515,0.000315
2025-11-03,AKRA,0.024877,0.023819,0.001059
2025-11-04,AKRA,0.025922,0.023328,0.002594
2025-11-05,AKRA,0.025933,0.023013,0.00292
2025-11-06,AKRA,0.025134,0.023636,0.001498
2025-11-07,AKRA,0.026247,0.023482,0.002765
2025-11-10,AKRA,0.025895,0.023232,0.002664
2025-11-11,AKRA,0.025899,0.023346,0.002553
2025-11-12,AKRA,0.026156,0.02322,0.002936
2025-11-13,AKRA,0.025946,0.022918,0.003028
2025-11-14,AKRA,0.026637,0.022553,0.004084
2025-11-17,AKRA,0.027864,0.022935,0.004929
2025-11-18,AKRA,0.026411,0.022306,0.004105
2025-11-19,AKRA,0.029503,0.021869,0.007634
2025-11-20,AKRA,0.023712,0.020967,0.002745
2025-11-21,AKRA,0.02445,0.019857,0.004594
2025-11-24,AKRA,0.024415,0.01934,0.005074
2025-11-25,AKRA,0.024411,0.019481,0.004929
2025-11-26,AKRA,0.0249,0.019635,0.005264
2025-11-27,AKRA,0.024767,0.020383,0.004384
2025-11-28,AKRA,0.024401,0.021482,0.002919
2025-12-01,AKRA,0.024415,0.02186,0.002555
2025-12-02,AKRA,0.023608,0.022168,0.00144
2025-12-03,AKRA,0.027448,0.023222,0.004227
2025-12-04,AKRA,0.028236,0.023258,0.004977
2025-12-05,AKRA,0.027099,0.022217,0.004882
2025-12-08,AKRA,0.028611,0.020922,0.007689
2025-12-09,AKRA,0.028787,0.02194,0.006847
2025-12-10,AKRA,0.029369,0.020519,0.00885
2025-12-11,AKRA,0.02931,0.02034,0.00897
2025-12-12,AKRA,0.02808,0.021984,0.006096
2025-12-15,AKRA,0.024933,0.023293,0.00164
2025-12-16,AKRA,0.025085,0.023577,0.001508
2025-12-17,AKRA,0.022674,0.02419,0.001516
2025-12-18,AKRA,0.022461,0.024344,0.001883
2025-12-19,AKRA,0.022002,0.024344,0.002341
2025-12-22,AKRA,0.022091,0.023636,0.001545
2025-12-23,AKRA,0.022005,0.022558,0.000553
2025-12-24,AKRA,0.021322,0.022771,0.001449
2025-12-29,AKRA,0.021389,0.022024,0.000635
2025-12-30,AKRA,0.021242,0.021213,2.9e-05
2026-01-02,AKRA,0.021217,0.021089,0.000128
2026-01-05,AKRA,0.021403,0.020723,0.00068
2026-01-06,AKRA,0.016245,0.02011,0.003865
2026-01-07,AKRA,0.015521,0.01934,0.00382
2026-01-08,AKRA,0.015537,0.01934,0.003803
2026-01-09,AKRA,0.01288,0.019848,0.006968
2026-01-12,AKRA,0.011149,0.020143,0.008994
2026-01-13,AKRA,0.009241,0.021155,0.011914
2026-01-14,AKRA,0.009275,0.021964,0.012689
2026-01-15,AKRA,0.012096,0.022066,0.00997
2026-01-19,AKRA,0.013237,0.02163,0.008393
2026-01-20,AKRA,0.014819,0.021624,0.006805
2026-01-21,AKRA,0.015094,0.020995,0.0059
2026-01-22,AKRA,0.015372,0.020228,0.004856
2026-01-23,AKRA,0.017198,0.020077,0.00288
2026-01-26,AKRA,0.017373,0.020077,0.002704
2026-01-27,AKRA,0.021062,0.020077,0.000985
2026-01-28,AKRA,0.025168,0.020077,0.005091
2026-01-29,AKRA,0.027175,0.020764,0.006411
2026-01-30,AKRA,0.027134,0.022057,0.005076
2026-02-02,AKRA,0.03093,0.022379,0.00855
2026-02-03,AKRA,0.031272,0.023182,0.00809
2026-02-04,AKRA,0.031108,0.02333,0.007778
2026-02-05,AKRA,0.031003,0.022398,0.008605
2026-02-06,AKRA,0.030953,0.022266,0.008687
2026-02-09,AKRA,0.031644,0.021637,0.010007
2026-02-10,AKRA,0.031694,0.020285,0.011409
2026-02-11,AKRA,0.031767,0.020368,0.011399
2026-02-12,AKRA,0.031784,0.021134,0.01065
2026-02-13,AKRA,0.03096,0.020285,0.010675
2026-02-18,AKRA,0.030458,0.020285,0.010173
2026-02-19,AKRA,0.029833,0.020285,0.009548
2026-02-20,AKRA,0.029569,0.020077,0.009492
2026-02-23,AKRA,0.029775,0.020077,0.009698
2026-02-24,AKRA,0.028448,0.020077,0.00837
2026-02-25,AKRA,0.029893,0.020077,0.009815
2026-02-26,AKRA,0.029052,0.020077,0.008975
2026-02-27,AKRA,0.027856,0.020918,0.006939
2026-03-02,AKRA,0.027686,0.020931,0.006755
2026-03-03,AKRA,0.033433,0.020553,0.01288
2026-03-04,AKRA,0.03083,0.02175,0.009081
2026-03-05,AKRA,0.030484,0.022572,0.007912
2026-03-06,AKRA,0.030472,0.021102,0.00937
2026-03-09,AKRA,0.030476,0.022019,0.008457
2026-03-10,AKRA,0.030511,0.023202,0.007309
2026-03-11,AKRA,0.029554,0.022379,0.007174
2026-03-12,AKRA,0.029567,0.023015,0.006552
2026-03-13,AKRA,0.030707,0.024744,0.005963
2026-03-16,AKRA,0.030898,0.02459,0.006308
2026-03-17,AKRA,0.032759,0.02375,0.00901
2026-03-25,AKRA,0.032669,0.02304,0.009629
2026-03-26,AKRA,0.032917,0.022395,0.010522
2026-03-27,AKRA,0.034676,0.02135,0.013326
2026-03-30,AKRA,0.034524,0.020077,0.014447
2026-03-31,AKRA,0.036123,0.020077,0.016046
2026-04-01,AKRA,0.034566,0.020077,0.014489
2026-04-02,AKRA,0.034082,0.020077,0.014005
2026-04-06,AKRA,0.033977,0.020077,0.0139
2026-04-07,AKRA,0.033007,0.020077,0.01293
2026-04-08,AKRA,0.026587,0.020077,0.006509
2026-04-09,AKRA,0.025675,0.020077,0.005598
2026-04-10,AKRA,0.026367,0.020077,0.00629
2026-04-13,AKRA,0.026405,0.020077,0.006328
2026-04-14,AKRA,0.026409,0.020077,0.006332
2026-04-15,AKRA,0.027165,0.020077,0.007088
2026-04-16,AKRA,0.027328,0.020077,0.007251
2026-04-17,AKRA,0.027335,0.020077,0.007257
2026-04-20,AKRA,0.027168,0.020077,0.007091
2026-04-21,AKRA,0.026674,0.020077,0.006597
2026-04-22,AKRA,0.024756,0.020077,0.004679
2026-04-23,AKRA,0.024883,0.020077,0.004806
2026-04-24,AKRA,0.026918,0.019985,0.006933
2026-04-27,AKRA,0.025492,0.019985,0.005507
2026-04-28,AKRA,0.025221,0.019825,0.005396
2026-04-29,AKRA,0.022635,0.019825,0.00281
2026-04-30,AKRA,0.022847,0.019985,0.002863
2026-05-04,AKRA,0.023856,0.019508,0.004348
2026-05-05,AKRA,0.021537,0.019517,0.002021
2026-05-06,AKRA,0.021771,0.019985,0.001787
2026-05-07,AKRA,0.022516,0.019985,0.002531
2026-05-08,AKRA,0.023037,0.020302,0.002735
2026-05-11,AKRA,0.02193,0.021942,1.3e-05
2026-05-12,AKRA,0.022749,0.021942,0.000806
2026-05-13,AKRA,0.021959,0.021942,1.7e-05
2026-05-14,AKRA,0.02118,0.021942,0.000762
